.id,source,sava1.4,sava1.5,sava1.9,sava1.10,sava1.15,sava1.16,sava1.21,sava1.22,sava1.27,sava1.28,sava1.33,sava1.34,sava1.38,sava1.39,sava1.43,sava1.44,sava2.4,sava2.5,sava2.9,sava2.10,sava2.15,sava2.16,sava2.21,sava2.22,sava2.27,sava2.28,sava2.33,sava2.34,sava2.38,sava2.39,sava2.43,sava2.44,sex,Source.Global,Source.Primary,Source.Secondary,Country,Location,Language,Weird,Execution,SubjectPool,Setting,Tablet,Pencil,StudyOrderN,IDiffOrderN,uID,study.order,analysis.type,subset,case.include
ML2_Slate2_IndiaEng_Inlab_DEPLOY__isb_r.csv,isb,1,6,2,4,2,4,1,2,1,4,1,5,2,6,3,5,,,,,,,,,,,,,,,,,2,isb,isb,isb,India,"Indian School of Business, India",English,0,,Yes,In a lab,Computers,"No, the whole study was on the computer (except maybe consent/debriefing)",Norenzayan|Savani|Hauser|Ross.Slate2|Geissner|Hsee|Zhong|Zaval|Shafir|Knobe|Gray|Tversky|Risen|Schwarz|Tversky.Gati,ID: TIPI for Big-Five|ID: Subjective wellbeing|ID: Global self-esteem SISE|ID: Mood|ID: Cognitive reflection,1296,2,Global,all,TRUE
ML2_Slate2_IndiaEng_Inlab_DEPLOY__isb_r.csv,isb,,,,,,,,,,,,,,,,,,,,,,,,,,,,,,,,,,isb,isb,isb,India,"Indian School of Business, India",English,0,,Yes,In a lab,Computers,"No, the whole study was on the computer (except maybe consent/debriefing)",Norenzayan|Tversky|Schwarz|Zaval|Shafir|Hsee|Geissner|Zhong|Knobe|Risen|Ross.Slate2|Gray|Tversky.Gati|Savani|Hauser,ID: Cognitive reflection|ID: Global self-esteem SISE|ID: TIPI for Big-Five|ID: Subjective wellbeing|ID: Mood,1297,14,Global,all,FALSE
ML2_Slate2_IndiaEng_Inlab_DEPLOY__isb_r.csv,isb,,,,,,,,,,,,,,,,,1,6,2,5,1,7,1,6,3,2,1,6,,1,3,7,2,isb,isb,isb,India,"Indian School of Business, India",English,0,,Yes,In a lab,Computers,"No, the whole study was on the computer (except maybe consent/debriefing)",Zhong|Risen|Gray|Tversky.Gati|Knobe|Hsee|Zaval|Savani|Norenzayan|Schwarz|Ross.Slate2|Tversky|Geissner|Hauser|Shafir,ID: TIPI for Big-Five|ID: Cognitive reflection|ID: Global self-esteem SISE|ID: Mood|ID: Subjective wellbeing,1298,8,Global,all,FALSE
ML2_Slate2_IndiaEng_Inlab_DEPLOY__isb_r.csv,isb,1,1,1,3,3,1,3,2,2,7,1,7,1,7,2,4,,,,,,,,,,,,,,,,,2,isb,isb,isb,India,"Indian School of Business, India",English,0,,Yes,In a lab,Computers,"No, the whole study was on the computer (except maybe consent/debriefing)",Tversky|Hsee|Geissner|Risen|Ross.Slate2|Zhong|Gray|Savani|Shafir|Norenzayan|Knobe|Schwarz|Hauser|Zaval|Tversky.Gati,ID: Global self-esteem SISE|ID: Subjective wellbeing|ID: Mood|ID: Cognitive reflection|ID: TIPI for Big-Five,1299,8,Global,all,TRUE
ML2_Slate2_IndiaEng_Inlab_DEPLOY__isb_r.csv,isb,1,6,1,5,,,,,,,2,4,2,6,,,,,,,,,,,,,,,,,,,1,isb,isb,isb,India,"Indian School of Business, India",English,0,,Yes,In a lab,Computers,"No, the whole study was on the computer (except maybe consent/debriefing)",Risen|Norenzayan|Tversky.Gati|Hsee|Tversky|Hauser|Ross.Slate2|Schwarz|Knobe|Savani|Zaval|Zhong|Shafir|Geissner|Gray,ID: TIPI for Big-Five|ID: Cognitive reflection|ID: Subjective wellbeing|ID: Mood|ID: Global self-esteem SISE,1300,10,Global,all,FALSE
ML2_Slate2_IndiaEng_Inlab_DEPLOY__isb_r.csv,isb,,,,,,,,,,,,,,,,,2,3,1,5,1,6,2,5,2,6,2,7,,6,1,6,2,isb,isb,isb,India,"Indian School of Business, India",English,0,,Yes,In a lab,Computers,"No, the whole study was on the computer (except maybe consent/debriefing)",Hauser|Schwarz|Ross.Slate2|Zhong|Risen|Shafir|Savani|Hsee|Tversky.Gati|Knobe|Zaval|Tversky|Geissner|Norenzayan|Gray,ID: Mood|ID: TIPI for Big-Five|ID: Global self-esteem SISE|ID: Cognitive reflection|ID: Subjective wellbeing,1301,7,Global,all,FALSE
ML2_Slate2_IndiaEng_Inlab_DEPLOY__isb_r.csv,isb,1,5,1,5,3,4,3,2,3,5,1,5,2,6,2,5,,,,,,,,,,,,,,,,,2,isb,isb,isb,India,"Indian School of Business, India",English,0,,Yes,In a lab,Computers,"No, the whole study was on the computer (except maybe consent/debriefing)",Hauser|Zhong|Schwarz|Tversky|Shafir|Savani|Zaval|Geissner|Risen|Tversky.Gati|Gray|Ross.Slate2|Hsee|Knobe|Norenzayan,ID: Mood|ID: Global self-esteem SISE|ID: Cognitive reflection|ID: Subjective wellbeing|ID: TIPI for Big-Five,1302,6,Global,all,TRUE
ML2_Slate2_IndiaEng_Inlab_DEPLOY__isb_r.csv,isb,1,6,1,5,1,2,1,5,2,6,2,5,3,6,3,6,,,,,,,,,,,,,,,,,1,isb,isb,isb,India,"Indian School of Business, India",English,0,,Yes,In a lab,Computers,"No, the whole study was on the computer (except maybe consent/debriefing)",Zhong|Norenzayan|Gray|Hsee|Savani|Shafir|Ross.Slate2|Hauser|Zaval|Knobe|Schwarz|Tversky.Gati|Geissner|Tversky|Risen,ID: Cognitive reflection|ID: Mood|ID: TIPI for Big-Five|ID: Global self-esteem SISE|ID: Subjective wellbeing,1303,5,Global,all,TRUE
ML2_Slate2_IndiaEng_Inlab_DEPLOY__isb_r.csv,isb,,,,,,,,,,,,,,,,,1,4,1,7,2,3,3,2,1,6,2,5,1,6,1,2,2,isb,isb,isb,India,"Indian School of Business, India",English,0,,Yes,In a lab,Computers,"No, the whole study was on the computer (except maybe consent/debriefing)",Savani|Zaval|Norenzayan|Zhong|Tversky.Gati|Knobe|Tversky|Schwarz|Gray|Geissner|Hauser|Risen|Hsee|Ross.Slate2|Shafir,ID: TIPI for Big-Five|ID: Cognitive reflection|ID: Mood|ID: Subjective wellbeing|ID: Global self-esteem SISE,1304,1,Global,all,TRUE
ML2_Slate2_IndiaEng_Inlab_DEPLOY__isb_r.csv,isb,1,7,1,6,1,3,2,4,,6,2,6,2,4,2,6,,,,,,,,,,,,,,,,,2,isb,isb,isb,India,"Indian School of Business, India",English,0,,Yes,In a lab,Computers,"No, the whole study was on the computer (except maybe consent/debriefing)",Ross.Slate2|Risen|Norenzayan|Knobe|Geissner|Hauser|Schwarz|Zhong|Gray|Shafir|Savani|Hsee|Zaval|Tversky|Tversky.Gati,ID: Mood|ID: Cognitive reflection|ID: TIPI for Big-Five|ID: Global self-esteem SISE|ID: Subjective wellbeing,1305,11,Global,all,FALSE
ML2_Slate2_IndiaEng_Inlab_DEPLOY__isb_r.csv,isb,2,6,1,2,2,5,1,5,2,4,1,2,1,3,2,2,,,,,,,,,,,,,,,,,1,isb,isb,isb,India,"Indian School of Business, India",English,0,,Yes,In a lab,Computers,"No, the whole study was on the computer (except maybe consent/debriefing)",Savani|Risen|Schwarz|Shafir|Hsee|Norenzayan|Zhong|Zaval|Ross.Slate2|Gray|Geissner|Tversky|Tversky.Gati|Knobe|Hauser,ID: Subjective wellbeing|ID: Mood|ID: Global self-esteem SISE|ID: TIPI for Big-Five|ID: Cognitive reflection,1306,1,Global,all,TRUE
ML2_Slate2_IndiaEng_Inlab_DEPLOY__isb_r.csv,isb,,,,,,,,,,,,,,,,,2,4,1,3,2,5,1,2,2,5,2,6,1,7,1,3,2,isb,isb,isb,India,"Indian School of Business, India",English,0,,Yes,In a lab,Computers,"No, the whole study was on the computer (except maybe consent/debriefing)",Ross.Slate2|Knobe|Geissner|Risen|Schwarz|Zhong|Gray|Zaval|Norenzayan|Savani|Tversky|Hauser|Shafir|Hsee|Tversky.Gati,ID: Global self-esteem SISE|ID: Subjective wellbeing|ID: Mood|ID: TIPI for Big-Five|ID: Cognitive reflection,1307,10,Global,all,TRUE
ML2_Slate2_IndiaEng_Inlab_DEPLOY__isb_r.csv,isb,,6,1,5,1,7,1,5,1,7,1,7,2,6,2,4,,,,,,,,,,,,,,,,,1,isb,isb,isb,India,"Indian School of Business, India",English,0,,Yes,In a lab,Computers,"No, the whole study was on the computer (except maybe consent/debriefing)",Hauser|Tversky.Gati|Shafir|Schwarz|Savani|Zaval|Gray|Zhong|Geissner|Knobe|Ross.Slate2|Hsee|Tversky|Norenzayan|Risen,ID: TIPI for Big-Five|ID: Mood|ID: Subjective wellbeing|ID: Cognitive reflection|ID: Global self-esteem SISE,1308,5,Global,all,FALSE
ML2_Slate2_IndiaEng_Inlab_DEPLOY__isb_r.csv,isb,,,,,,,,,,,,,,,,,1,4,,1,1,5,1,2,2,6,1,5,1,6,1,2,2,isb,isb,isb,India,"Indian School of Business, India",English,0,,Yes,In a lab,Computers,"No, the whole study was on the computer (except maybe consent/debriefing)",Knobe|Hsee|Ross.Slate2|Hauser|Risen|Savani|Tversky.Gati|Shafir|Tversky|Schwarz|Zaval|Gray|Geissner|Zhong|Norenzayan,ID: Global self-esteem SISE|ID: Mood|ID: TIPI for Big-Five|ID: Subjective wellbeing|ID: Cognitive reflection,1309,6,Global,all,FALSE
ML2_Slate2_IndiaEng_Inlab_DEPLOY__isb_r.csv,isb,,,,,,,,,,,,,,,,,1,6,1,5,1,5,1,6,,,2,5,1,7,1,6,2,isb,isb,isb,India,"Indian School of Business, India",English,0,,Yes,In a lab,Computers,"No, the whole study was on the computer (except maybe consent/debriefing)",Tversky|Hauser|Knobe|Geissner|Savani|Zhong|Zaval|Norenzayan|Tversky.Gati|Ross.Slate2|Hsee|Gray|Risen|Shafir|Schwarz,ID: TIPI for Big-Five|ID: Subjective wellbeing|ID: Cognitive reflection|ID: Mood|ID: Global self-esteem SISE,1310,5,Global,all,FALSE
ML2_Slate2_IndiaEng_Inlab_DEPLOY__isb_r.csv,isb,2,6,2,7,1,5,2,6,1,5,2,6,2,6,2,6,,,,,,,,,,,,,,,,,1,isb,isb,isb,India,"Indian School of Business, India",English,0,,Yes,In a lab,Computers,"No, the whole study was on the computer (except maybe consent/debriefing)",Risen|Geissner|Tversky.Gati|Zaval|Savani|Norenzayan|Knobe|Gray|Tversky|Shafir|Ross.Slate2|Schwarz|Zhong|Hsee|Hauser,ID: TIPI for Big-Five|ID: Cognitive reflection|ID: Mood|ID: Subjective wellbeing|ID: Global self-esteem SISE,1311,5,Global,all,TRUE
ML2_Slate2_IndiaEng_Inlab_DEPLOY__isb_r.csv,isb,1,6,1,5,1,5,2,6,2,7,2,6,2,5,1,4,,,,,,,,,,,,,,,,,2,isb,isb,isb,India,"Indian School of Business, India",English,0,,Yes,In a lab,Computers,"No, the whole study was on the computer (except maybe consent/debriefing)",Gray|Savani|Geissner|Ross.Slate2|Zaval|Tversky.Gati|Tversky|Zhong|Hauser|Knobe|Risen|Norenzayan|Schwarz|Hsee|Shafir,ID: Global self-esteem SISE|ID: TIPI for Big-Five|ID: Cognitive reflection|ID: Subjective wellbeing|ID: Mood,1312,2,Global,all,TRUE
ML2_Slate2_IndiaEng_Inlab_DEPLOY__isb_r.csv,isb,1,6,1,4,1,5,1,4,3,5,2,6,2,5,1,4,,,,,,,,,,,,,,,,,2,isb,isb,isb,India,"Indian School of Business, India",English,0,,Yes,In a lab,Computers,"No, the whole study was on the computer (except maybe consent/debriefing)",Gray|Tversky.Gati|Hsee|Schwarz|Savani|Geissner|Norenzayan|Risen|Tversky|Ross.Slate2|Knobe|Hauser|Zaval|Zhong|Shafir,ID: Cognitive reflection|ID: Subjective wellbeing|ID: Mood|ID: TIPI for Big-Five|ID: Global self-esteem SISE,1313,5,Global,all,TRUE
ML2_Slate2_IndiaEng_Inlab_DEPLOY__isb_r.csv,isb,2,6,,3,2,4,3,1,3,1,2,3,1,7,3,1,,,,,,,,,,,,,,,,,2,isb,isb,isb,India,"Indian School of Business, India",English,0,,Yes,In a lab,Computers,"No, the whole study was on the computer (except maybe consent/debriefing)",Geissner|Savani|Knobe|Gray|Hauser|Zhong|Zaval|Shafir|Tversky.Gati|Tversky|Hsee|Schwarz|Norenzayan|Risen|Ross.Slate2,ID: Mood|ID: Cognitive reflection|ID: TIPI for Big-Five|ID: Global self-esteem SISE|ID: Subjective wellbeing,1314,2,Global,all,FALSE
ML2_Slate2_IndiaEng_Inlab_DEPLOY__isb_r.csv,isb,1,7,1,6,1,4,2,7,1,5,1,6,1,7,1,6,,,,,,,,,,,,,,,,,2,isb,isb,isb,India,"Indian School of Business, India",English,0,,Yes,In a lab,Computers,"No, the whole study was on the computer (except maybe consent/debriefing)",Gray|Schwarz|Hauser|Zhong|Knobe|Savani|Risen|Hsee|Zaval|Tversky.Gati|Tversky|Shafir|Geissner|Ross.Slate2|Norenzayan,ID: Subjective wellbeing|ID: Mood|ID: Global self-esteem SISE|ID: TIPI for Big-Five|ID: Cognitive reflection,1315,6,Global,all,TRUE
ML2_Slate2_IndiaEng_Inlab_DEPLOY__isb_r.csv,isb,1,6,1,6,1,5,1,5,1,6,2,5,2,4,1,6,,,,,,,,,,,,,,,,,1,isb,isb,isb,India,"Indian School of Business, India",English,0,,Yes,In a lab,Computers,"No, the whole study was on the computer (except maybe consent/debriefing)",Schwarz|Tversky|Savani|Zaval|Hauser|Hsee|Norenzayan|Zhong|Risen|Shafir|Ross.Slate2|Tversky.Gati|Knobe|Gray|Geissner,ID: Mood|ID: Subjective wellbeing|ID: Cognitive reflection|ID: TIPI for Big-Five|ID: Global self-esteem SISE,1316,3,Global,all,TRUE
ML2_Slate2_IndiaEng_Inlab_DEPLOY__isb_r.csv,isb,2,7,1,7,1,7,2,7,2,7,3,4,1,4,,,,,,,,,,,,,,,,,,,1,isb,isb,isb,India,"Indian School of Business, India",English,0,,Yes,In a lab,Computers,"No, the whole study was on the computer (except maybe consent/debriefing)",Tversky|Zhong|Schwarz|Risen|Hsee|Tversky.Gati|Shafir|Hauser|Geissner|Zaval|Gray|Savani|Ross.Slate2|Knobe|Norenzayan,ID: Mood|ID: Global self-esteem SISE|ID: Cognitive reflection|ID: Subjective wellbeing|ID: TIPI for Big-Five,1317,12,Global,all,FALSE
ML2_Slate2_IndiaEng_Inlab_DEPLOY__isb_r.csv,isb,,,,,,,,,,,,,,,,,2,4,1,5,1,1,2,,2,6,2,5,1,6,1,2,1,isb,isb,isb,India,"Indian School of Business, India",English,0,,Yes,In a lab,Computers,"No, the whole study was on the computer (except maybe consent/debriefing)",Hsee|Norenzayan|Savani|Tversky.Gati|Tversky|Hauser|Risen|Zhong|Knobe|Shafir|Zaval|Gray|Schwarz|Ross.Slate2|Geissner,ID: Mood|ID: Global self-esteem SISE|ID: Cognitive reflection|ID: Subjective wellbeing|ID: TIPI for Big-Five,1318,3,Global,all,FALSE
ML2_Slate2_IndiaEng_Inlab_DEPLOY__isb_r.csv,isb,1,5,2,6,2,6,1,4,2,7,,,2,6,,,,,,,,,,,,,,,,,,,1,isb,isb,isb,India,"Indian School of Business, India",English,0,,Yes,In a lab,Computers,"No, the whole study was on the computer (except maybe consent/debriefing)",Ross.Slate2|Schwarz|Tversky|Shafir|Gray|Zaval|Risen|Norenzayan|Geissner|Knobe|Tversky.Gati|Savani|Hauser|Zhong|Hsee,ID: TIPI for Big-Five|ID: Cognitive reflection|ID: Subjective wellbeing|ID: Global self-esteem SISE|ID: Mood,1319,12,Global,all,FALSE
ML2_Slate2_IndiaEng_Inlab_DEPLOY__isb_r.csv,isb,1,7,1,6,1,7,1,6,2,6,1,7,2,6,,,,,,,,,,,,,,,,,,,2,isb,isb,isb,India,"Indian School of Business, India",English,0,,Yes,In a lab,Computers,"No, the whole study was on the computer (except maybe consent/debriefing)",Tversky|Hsee|Norenzayan|Zhong|Shafir|Tversky.Gati|Schwarz|Zaval|Ross.Slate2|Hauser|Savani|Geissner|Risen|Gray|Knobe,ID: TIPI for Big-Five|ID: Subjective wellbeing|ID: Global self-esteem SISE|ID: Cognitive reflection|ID: Mood,1320,11,Global,all,FALSE
ML2_Slate2_IndiaEng_Inlab_DEPLOY__isb_r.csv,isb,1,5,1,3,2,5,1,6,,,1,6,2,7,1,6,,,,,,,,,,,,,,,,,1,isb,isb,isb,India,"Indian School of Business, India",English,0,,Yes,In a lab,Computers,"No, the whole study was on the computer (except maybe consent/debriefing)",Schwarz|Zhong|Zaval|Ross.Slate2|Tversky.Gati|Tversky|Knobe|Geissner|Hsee|Hauser|Shafir|Savani|Gray|Risen|Norenzayan,ID: Mood|ID: Subjective wellbeing|ID: TIPI for Big-Five|ID: Cognitive reflection|ID: Global self-esteem SISE,1321,12,Global,all,FALSE
ML2_Slate2_IndiaEng_Inlab_DEPLOY__isb_r.csv,isb,,,,,,,,,,,,,,,,,1,5,1,1,1,3,2,5,1,6,1,5,1,6,1,5,1,isb,isb,isb,India,"Indian School of Business, India",English,0,,Yes,In a lab,Computers,"No, the whole study was on the computer (except maybe consent/debriefing)",Geissner|Zhong|Tversky.Gati|Hsee|Shafir|Risen|Hauser|Gray|Ross.Slate2|Savani|Schwarz|Norenzayan|Knobe|Tversky|Zaval,ID: Mood|ID: Cognitive reflection|ID: Global self-esteem SISE|ID: Subjective wellbeing|ID: TIPI for Big-Five,1322,10,Global,all,TRUE
ML2_Slate2_IndiaEng_Inlab_DEPLOY__isb_r.csv,isb,2,6,1,5,1,4,3,5,1,6,1,5,1,5,1,6,,,,,,,,,,,,,,,,,2,isb,isb,isb,India,"Indian School of Business, India",English,0,,Yes,In a lab,Computers,"No, the whole study was on the computer (except maybe consent/debriefing)",Gray|Hsee|Zhong|Schwarz|Ross.Slate2|Tversky.Gati|Knobe|Risen|Shafir|Geissner|Hauser|Tversky|Savani|Zaval|Norenzayan,ID: Global self-esteem SISE|ID: Cognitive reflection|ID: Subjective wellbeing|ID: Mood|ID: TIPI for Big-Five,1323,13,Global,all,TRUE
ML2_Slate2_IndiaEng_Inlab_DEPLOY__isb_r.csv,isb,,,,,,,,,,,,,,,,,1,7,1,5,3,2,1,5,2,6,2,6,1,5,1,5,2,isb,isb,isb,India,"Indian School of Business, India",English,0,,Yes,In a lab,Computers,"No, the whole study was on the computer (except maybe consent/debriefing)",Shafir|Ross.Slate2|Risen|Tversky|Tversky.Gati|Savani|Zhong|Norenzayan|Schwarz|Zaval|Gray|Hauser|Knobe|Hsee|Geissner,ID: Mood|ID: TIPI for Big-Five|ID: Cognitive reflection|ID: Subjective wellbeing|ID: Global self-esteem SISE,1324,6,Global,all,TRUE
ML2_Slate2_IndiaEng_Inlab_DEPLOY__isb_r.csv,isb,,,,,,,,,,,,,,,,,1,6,1,5,1,4,2,4,1,5,1,6,1,7,1,6,1,isb,isb,isb,India,"Indian School of Business, India",English,0,,Yes,In a lab,Computers,"No, the whole study was on the computer (except maybe consent/debriefing)",Zhong|Shafir|Ross.Slate2|Gray|Schwarz|Hauser|Tversky|Geissner|Hsee|Knobe|Tversky.Gati|Risen|Savani|Norenzayan|Zaval,ID: Mood|ID: Cognitive reflection|ID: TIPI for Big-Five|ID: Subjective wellbeing|ID: Global self-esteem SISE,1325,13,Global,all,TRUE
ML2_Slate2_IndiaEng_Inlab_DEPLOY__isb_r.csv,isb,,,,,,,,,,,,,,,,,1,4,2,7,2,7,2,6,2,7,3,4,2,7,2,7,2,isb,isb,isb,India,"Indian School of Business, India",English,0,,Yes,In a lab,Computers,"No, the whole study was on the computer (except maybe consent/debriefing)",Schwarz|Hsee|Zaval|Savani|Tversky|Norenzayan|Gray|Risen|Zhong|Hauser|Shafir|Geissner|Ross.Slate2|Tversky.Gati|Knobe,ID: TIPI for Big-Five|ID: Global self-esteem SISE|ID: Subjective wellbeing|ID: Mood|ID: Cognitive reflection,1326,4,Global,all,TRUE
ML2_Slate2_IndiaEng_Inlab_DEPLOY__isb_r.csv,isb,,,,,,,,,,,,,,,,,1,6,2,3,2,5,2,4,1,2,2,6,1,7,2,7,1,isb,isb,isb,India,"Indian School of Business, India",English,0,,Yes,In a lab,Computers,"No, the whole study was on the computer (except maybe consent/debriefing)",Gray|Norenzayan|Savani|Hsee|Shafir|Zaval|Risen|Ross.Slate2|Hauser|Tversky.Gati|Zhong|Tversky|Schwarz|Geissner|Knobe,ID: Cognitive reflection|ID: Mood|ID: TIPI for Big-Five|ID: Subjective wellbeing|ID: Global self-esteem SISE,1327,3,Global,all,TRUE
ML2_Slate2_IndiaEng_Inlab_DEPLOY__isb_r.csv,isb,,,,,,,,,,,,,,,,,1,6,1,5,1,4,1,4,2,3,2,6,1,6,1,6,1,isb,isb,isb,India,"Indian School of Business, India",English,0,,Yes,In a lab,Computers,"No, the whole study was on the computer (except maybe consent/debriefing)",Savani|Ross.Slate2|Norenzayan|Hauser|Shafir|Zaval|Knobe|Zhong|Risen|Geissner|Tversky|Tversky.Gati|Schwarz|Gray|Hsee,ID: TIPI for Big-Five|ID: Cognitive reflection|ID: Subjective wellbeing|ID: Global self-esteem SISE|ID: Mood,1328,1,Global,all,TRUE
ML2_Slate2_IndiaEng_Inlab_DEPLOY__isb_r.csv,isb,,,,,,,,,,,,,,,,,1,2,2,5,2,5,3,2,2,7,1,3,1,5,1,2,2,isb,isb,isb,India,"Indian School of Business, India",English,0,,Yes,In a lab,Computers,"No, the whole study was on the computer (except maybe consent/debriefing)",Zhong|Hsee|Ross.Slate2|Hauser|Tversky|Savani|Knobe|Risen|Norenzayan|Gray|Tversky.Gati|Schwarz|Shafir|Zaval|Geissner,ID: Global self-esteem SISE|ID: Cognitive reflection|ID: TIPI for Big-Five|ID: Mood|ID: Subjective wellbeing,1329,6,Global,all,TRUE
ML2_Slate2_IndiaEng_Inlab_DEPLOY__isb_r.csv,isb,,,,,,,,,,,,,,,,,1,6,1,5,1,5,1,4,1,6,1,5,1,7,1,7,2,isb,isb,isb,India,"Indian School of Business, India",English,0,,Yes,In a lab,Computers,"No, the whole study was on the computer (except maybe consent/debriefing)",Tversky.Gati|Norenzayan|Gray|Hauser|Knobe|Hsee|Zaval|Zhong|Ross.Slate2|Tversky|Schwarz|Shafir|Savani|Risen|Geissner,ID: TIPI for Big-Five|ID: Mood|ID: Subjective wellbeing|ID: Cognitive reflection|ID: Global self-esteem SISE,1330,13,Global,all,TRUE
ML2_Slate2_IndiaEng_Inlab_DEPLOY__isb_r.csv,isb,1,5,2,5,1,5,1,5,1,5,1,5,2,6,2,5,,,,,,,,,,,,,,,,,1,isb,isb,isb,India,"Indian School of Business, India",English,0,,Yes,In a lab,Computers,"No, the whole study was on the computer (except maybe consent/debriefing)",Schwarz|Zaval|Tversky.Gati|Savani|Shafir|Geissner|Tversky|Gray|Hauser|Zhong|Ross.Slate2|Norenzayan|Hsee|Risen|Knobe,ID: Mood|ID: Subjective wellbeing|ID: Cognitive reflection|ID: Global self-esteem SISE|ID: TIPI for Big-Five,1331,4,Global,all,TRUE
ML2_Slate2_IndiaEng_Inlab_DEPLOY__isb_r.csv,isb,1,7,1,4,1,5,1,4,1,4,2,3,2,5,2,6,,,,,,,,,,,,,,,,,2,isb,isb,isb,India,"Indian School of Business, India",English,0,,Yes,In a lab,Computers,"No, the whole study was on the computer (except maybe consent/debriefing)",Geissner|Hauser|Hsee|Shafir|Tversky.Gati|Norenzayan|Zhong|Schwarz|Risen|Savani|Zaval|Knobe|Gray|Ross.Slate2|Tversky,ID: Global self-esteem SISE|ID: Mood|ID: TIPI for Big-Five|ID: Cognitive reflection|ID: Subjective wellbeing,1332,10,Global,all,TRUE
ML2_Slate2_IndiaEng_Inlab_DEPLOY__isb_r.csv,isb,1,5,1,4,2,6,1,6,1,5,2,4,1,6,1,6,,,,,,,,,,,,,,,,,1,isb,isb,isb,India,"Indian School of Business, India",English,0,,Yes,In a lab,Computers,"No, the whole study was on the computer (except maybe consent/debriefing)",Hauser|Geissner|Risen|Hsee|Knobe|Tversky|Ross.Slate2|Zhong|Norenzayan|Schwarz|Savani|Zaval|Gray|Shafir|Tversky.Gati,ID: Cognitive reflection|ID: Subjective wellbeing|ID: Global self-esteem SISE|ID: Mood|ID: TIPI for Big-Five,1333,11,Global,all,TRUE
ML2_Slate2_IndiaEng_Inlab_DEPLOY__isb_r.csv,isb,1,2,1,4,1,5,2,5,2,5,1,5,1,6,1,4,,,,,,,,,,,,,,,,,2,isb,isb,isb,India,"Indian School of Business, India",English,0,,Yes,In a lab,Computers,"No, the whole study was on the computer (except maybe consent/debriefing)",Tversky.Gati|Shafir|Zaval|Geissner|Knobe|Hauser|Schwarz|Savani|Gray|Hsee|Norenzayan|Zhong|Risen|Ross.Slate2|Tversky,ID: Global self-esteem SISE|ID: Cognitive reflection|ID: Subjective wellbeing|ID: Mood|ID: TIPI for Big-Five,1334,8,Global,all,TRUE
ML2_Slate2_IndiaEng_Inlab_DEPLOY__isb_r.csv,isb,1,7,2,6,2,6,2,7,2,5,2,7,1,5,2,5,,,,,,,,,,,,,,,,,1,isb,isb,isb,India,"Indian School of Business, India",English,0,,Yes,In a lab,Computers,"No, the whole study was on the computer (except maybe consent/debriefing)",Tversky.Gati|Risen|Knobe|Tversky|Gray|Zhong|Geissner|Zaval|Hauser|Shafir|Norenzayan|Hsee|Savani|Ross.Slate2|Schwarz,ID: Mood|ID: TIPI for Big-Five|ID: Cognitive reflection|ID: Global self-esteem SISE|ID: Subjective wellbeing,1335,13,Global,all,TRUE
ML2_Slate2_IndiaEng_Inlab_DEPLOY__isb_r.csv,isb,,,,,,,,,,,,,,,,,1,6,1,5,3,3,2,2,2,7,1,6,2,5,1,6,2,isb,isb,isb,India,"Indian School of Business, India",English,0,,Yes,In a lab,Computers,"No, the whole study was on the computer (except maybe consent/debriefing)",Norenzayan|Hauser|Zhong|Shafir|Hsee|Tversky.Gati|Geissner|Ross.Slate2|Risen|Knobe|Savani|Zaval|Gray|Schwarz|Tversky,ID: Subjective wellbeing|ID: Cognitive reflection|ID: Mood|ID: Global self-esteem SISE|ID: TIPI for Big-Five,1336,11,Global,all,TRUE
ML2_Slate2_IndiaEng_Inlab_DEPLOY__isb_r.csv,isb,,,,,,,,,,,,,,,,,2,1,2,2,1,3,1,1,3,6,3,5,1,7,1,2,1,isb,isb,isb,India,"Indian School of Business, India",English,0,,Yes,In a lab,Computers,"No, the whole study was on the computer (except maybe consent/debriefing)",Hauser|Norenzayan|Hsee|Risen|Savani|Schwarz|Ross.Slate2|Geissner|Tversky|Gray|Zhong|Zaval|Knobe|Shafir|Tversky.Gati,ID: Subjective wellbeing|ID: TIPI for Big-Five|ID: Mood|ID: Cognitive reflection|ID: Global self-esteem SISE,1337,5,Global,all,TRUE
ML2_Slate2_IndiaEng_Inlab_DEPLOY__isb_r.csv,isb,,,,,,,,,,,,,,,,,1,5,2,5,1,5,2,6,2,7,2,5,1,7,1,3,1,isb,isb,isb,India,"Indian School of Business, India",English,0,,Yes,In a lab,Computers,"No, the whole study was on the computer (except maybe consent/debriefing)",Knobe|Risen|Savani|Tversky.Gati|Hsee|Zaval|Tversky|Geissner|Hauser|Shafir|Zhong|Norenzayan|Ross.Slate2|Schwarz|Gray,ID: Mood|ID: Global self-esteem SISE|ID: Subjective wellbeing|ID: TIPI for Big-Five|ID: Cognitive reflection,1338,3,Global,all,TRUE
ML2_Slate2_IndiaEng_Inlab_DEPLOY__isb_r.csv,isb,,,,,,,,,,,,,,,,,1,7,2,4,2,7,,,2,6,1,6,2,6,2,5,2,isb,isb,isb,India,"Indian School of Business, India",English,0,,Yes,In a lab,Computers,"No, the whole study was on the computer (except maybe consent/debriefing)",Geissner|Zaval|Hsee|Tversky.Gati|Knobe|Savani|Risen|Tversky|Shafir|Ross.Slate2|Schwarz|Zhong|Hauser|Norenzayan|Gray,ID: Subjective wellbeing|ID: Cognitive reflection|ID: Global self-esteem SISE|ID: TIPI for Big-Five|ID: Mood,1339,6,Global,all,FALSE
ML2_Slate2_IndiaEng_Inlab_DEPLOY__isb_r.csv,isb,,,,,,,,,,,,,,,,,1,2,2,7,1,2,2,7,2,7,2,5,1,7,1,4,1,isb,isb,isb,India,"Indian School of Business, India",English,0,,Yes,In a lab,Computers,"No, the whole study was on the computer (except maybe consent/debriefing)",Tversky|Gray|Hauser|Zhong|Risen|Savani|Shafir|Tversky.Gati|Schwarz|Zaval|Ross.Slate2|Hsee|Geissner|Norenzayan|Knobe,ID: Global self-esteem SISE|ID: TIPI for Big-Five|ID: Subjective wellbeing|ID: Cognitive reflection|ID: Mood,1340,6,Global,all,TRUE
ML2_Slate2_IndiaEng_Inlab_DEPLOY__isb_r.csv,isb,2,5,2,5,1,6,1,6,1,6,1,5,1,7,1,4,,,,,,,,,,,,,,,,,1,isb,isb,isb,India,"Indian School of Business, India",English,0,,Yes,In a lab,Computers,"No, the whole study was on the computer (except maybe consent/debriefing)",Hauser|Tversky|Shafir|Gray|Ross.Slate2|Hsee|Zhong|Zaval|Schwarz|Geissner|Knobe|Tversky.Gati|Norenzayan|Risen|Savani,ID: TIPI for Big-Five|ID: Subjective wellbeing|ID: Mood|ID: Global self-esteem SISE|ID: Cognitive reflection,1341,15,Global,all,TRUE
ML2_Slate2_IndiaEng_Inlab_DEPLOY__isb_r.csv,isb,,,,,,,,,,,,,,,,,1,5,1,3,1,4,1,4,2,3,2,3,1,5,2,5,2,isb,isb,isb,India,"Indian School of Business, India",English,0,,Yes,In a lab,Computers,"No, the whole study was on the computer (except maybe consent/debriefing)",Savani|Zhong|Norenzayan|Shafir|Knobe|Tversky.Gati|Hsee|Ross.Slate2|Tversky|Schwarz|Zaval|Hauser|Gray|Risen|Geissner,ID: Global self-esteem SISE|ID: Cognitive reflection|ID: TIPI for Big-Five|ID: Subjective wellbeing|ID: Mood,1342,1,Global,all,TRUE
ML2_Slate2_IndiaEng_Inlab_DEPLOY__isb_r.csv,isb,,,,,,,,,,,,,,,,,,,,,,,,,,,,,,,,,1,isb,isb,isb,India,"Indian School of Business, India",English,0,,Yes,In a lab,Computers,"No, the whole study was on the computer (except maybe consent/debriefing)",Shafir|Tversky.Gati|Geissner|Zhong|Tversky|Knobe|Hsee|Risen|Gray|Ross.Slate2|Norenzayan|Zaval|Hauser|Savani|Schwarz,ID: Global self-esteem SISE|ID: TIPI for Big-Five|ID: Mood|ID: Subjective wellbeing|ID: Cognitive reflection,1343,14,Global,all,FALSE
ML2_Slate2_IndiaEng_Inlab_DEPLOY__isb_r.csv,isb,1,7,1,6,1,6,2,5,2,6,2,5,1,5,1,5,,,,,,,,,,,,,,,,,1,isb,isb,isb,India,"Indian School of Business, India",English,0,,Yes,In a lab,Computers,"No, the whole study was on the computer (except maybe consent/debriefing)",Tversky.Gati|Knobe|Shafir|Ross.Slate2|Risen|Savani|Geissner|Tversky|Zaval|Schwarz|Hauser|Zhong|Norenzayan|Hsee|Gray,ID: Subjective wellbeing|ID: Global self-esteem SISE|ID: Mood|ID: TIPI for Big-Five|ID: Cognitive reflection,1344,6,Global,all,TRUE
ML2_Slate2_IndiaEng_Inlab_DEPLOY__isb_r.csv,isb,1,6,1,7,2,6,1,,,,,,,,,,,,,,,,,,,,,,,,,,1,isb,isb,isb,India,"Indian School of Business, India",English,0,,Yes,In a lab,Computers,"No, the whole study was on the computer (except maybe consent/debriefing)",Norenzayan|Savani|Hsee|Zhong|Tversky|Hauser|Shafir|Geissner|Tversky.Gati|Schwarz|Gray|Knobe|Risen|Zaval|Ross.Slate2,ID: Mood|ID: TIPI for Big-Five|ID: Subjective wellbeing|ID: Cognitive reflection|ID: Global self-esteem SISE,1345,2,Global,all,FALSE
ML2_Slate2_IndiaEng_Inlab_DEPLOY__isb_r.csv,isb,,,,,,,,,,,,,,,,,2,6,,,,,1,4,2,6,,,,,1,4,2,isb,isb,isb,India,"Indian School of Business, India",English,0,,Yes,In a lab,Computers,"No, the whole study was on the computer (except maybe consent/debriefing)",Geissner|Zhong|Schwarz|Knobe|Hauser|Hsee|Norenzayan|Ross.Slate2|Gray|Shafir|Risen|Zaval|Tversky.Gati|Tversky|Savani,ID: Global self-esteem SISE|ID: Subjective wellbeing|ID: TIPI for Big-Five|ID: Cognitive reflection|ID: Mood,1346,15,Global,all,FALSE
ML2_Slate2_IndiaEng_Inlab_DEPLOY__isb_r.csv,isb,1,2,1,1,1,5,1,3,1,5,2,4,2,5,2,6,,,,,,,,,,,,,,,,,1,isb,isb,isb,India,"Indian School of Business, India",English,0,,Yes,In a lab,Computers,"No, the whole study was on the computer (except maybe consent/debriefing)",Schwarz|Geissner|Tversky|Hsee|Tversky.Gati|Risen|Ross.Slate2|Savani|Shafir|Norenzayan|Hauser|Zaval|Gray|Zhong|Knobe,ID: Global self-esteem SISE|ID: Mood|ID: TIPI for Big-Five|ID: Cognitive reflection|ID: Subjective wellbeing,1347,8,Global,all,TRUE
ML2_Slate2_IndiaEng_Inlab_DEPLOY__isb_r.csv,isb,,,,,,,,,,,,,,,,,,1,2,1,,,1,3,,,3,5,1,7,,7,1,isb,isb,isb,India,"Indian School of Business, India",English,0,,Yes,In a lab,Computers,"No, the whole study was on the computer (except maybe consent/debriefing)",Knobe|Shafir|Risen|Hsee|Schwarz|Geissner|Savani|Gray|Norenzayan|Zhong|Tversky.Gati|Hauser|Tversky|Ross.Slate2|Zaval,ID: Global self-esteem SISE|ID: TIPI for Big-Five|ID: Mood|ID: Subjective wellbeing|ID: Cognitive reflection,1348,7,Global,all,FALSE
ML2_Slate2_IndiaEng_Inlab_DEPLOY__isb_r.csv,isb,,,,,,,,,,,,,,,,,1,2,1,3,3,4,,,2,6,1,4,1,6,1,6,2,isb,isb,isb,India,"Indian School of Business, India",English,0,,Yes,In a lab,Computers,"No, the whole study was on the computer (except maybe consent/debriefing)",Zhong|Norenzayan|Risen|Geissner|Savani|Hauser|Shafir|Tversky.Gati|Knobe|Schwarz|Hsee|Ross.Slate2|Tversky|Gray|Zaval,ID: TIPI for Big-Five|ID: Cognitive reflection|ID: Mood|ID: Global self-esteem SISE|ID: Subjective wellbeing,1349,5,Global,all,FALSE
ML2_Slate2_IndiaEng_Inlab_DEPLOY__isb_r.csv,isb,1,5,1,6,1,3,1,7,,,1,7,1,5,,,,,,,,,,,,,,,,,,,1,isb,isb,isb,India,"Indian School of Business, India",English,0,,Yes,In a lab,Computers,"No, the whole study was on the computer (except maybe consent/debriefing)",Tversky.Gati|Geissner|Zaval|Knobe|Zhong|Shafir|Gray|Hsee|Risen|Ross.Slate2|Norenzayan|Schwarz|Hauser|Savani|Tversky,ID: Cognitive reflection|ID: Mood|ID: Global self-esteem SISE|ID: Subjective wellbeing|ID: TIPI for Big-Five,1350,14,Global,all,FALSE
ML2_Slate2_IndiaEng_Inlab_DEPLOY__isb_r.csv,isb,1,7,1,5,1,4,,,1,5,,,1,5,,,,,,,,,,,,,,,,,,,2,isb,isb,isb,India,"Indian School of Business, India",English,0,,Yes,In a lab,Computers,"No, the whole study was on the computer (except maybe consent/debriefing)",Hauser|Norenzayan|Gray|Geissner|Schwarz|Risen|Shafir|Hsee|Zhong|Tversky|Zaval|Knobe|Tversky.Gati|Ross.Slate2|Savani,ID: Subjective wellbeing|ID: TIPI for Big-Five|ID: Mood|ID: Cognitive reflection|ID: Global self-esteem SISE,1351,15,Global,all,FALSE
ML2_Slate2_IndiaEng_Inlab_DEPLOY__isb_r.csv,isb,,,,,,,,,,,,,,,,,1,5,2,4,3,3,,2,2,4,2,4,2,4,,4,1,isb,isb,isb,India,"Indian School of Business, India",English,0,,Yes,In a lab,Computers,"No, the whole study was on the computer (except maybe consent/debriefing)",Risen|Gray|Knobe|Tversky|Schwarz|Zaval|Hsee|Zhong|Ross.Slate2|Shafir|Geissner|Norenzayan|Savani|Hauser|Tversky.Gati,ID: Mood|ID: TIPI for Big-Five|ID: Global self-esteem SISE|ID: Subjective wellbeing|ID: Cognitive reflection,1352,13,Global,all,FALSE
ML2_Slate2_IndiaEng_Inlab_DEPLOY__isb_r.csv,isb,,,,,,,,,,,,,,,,,1,6,,,,,2,4,2,7,2,6,1,6,,,1,isb,isb,isb,India,"Indian School of Business, India",English,0,,Yes,In a lab,Computers,"No, the whole study was on the computer (except maybe consent/debriefing)",Zaval|Norenzayan|Tversky.Gati|Hauser|Zhong|Ross.Slate2|Gray|Tversky|Schwarz|Risen|Savani|Knobe|Geissner|Shafir|Hsee,ID: Mood|ID: Global self-esteem SISE|ID: TIPI for Big-Five|ID: Cognitive reflection|ID: Subjective wellbeing,1353,11,Global,all,FALSE
ML2_Slate2_IndiaEng_Inlab_DEPLOY__isb_r.csv,isb,1,5,1,4,1,4,,,1,6,1,4,1,4,1,5,,,,,,,,,,,,,,,,,2,isb,isb,isb,India,"Indian School of Business, India",English,0,,Yes,In a lab,Computers,"No, the whole study was on the computer (except maybe consent/debriefing)",Zhong|Hauser|Savani|Risen|Norenzayan|Ross.Slate2|Schwarz|Knobe|Hsee|Tversky|Tversky.Gati|Gray|Geissner|Shafir|Zaval,ID: Subjective wellbeing|ID: Global self-esteem SISE|ID: TIPI for Big-Five|ID: Mood|ID: Cognitive reflection,1354,3,Global,all,FALSE
ML2_Slate2_IndiaEng_Inlab_DEPLOY__isb_r.csv,isb,2,7,1,5,3,4,1,4,,,2,6,,,1,4,,,,,,,,,,,,,,,,,2,isb,isb,isb,India,"Indian School of Business, India",English,0,,Yes,In a lab,Computers,"No, the whole study was on the computer (except maybe consent/debriefing)",Ross.Slate2|Tversky.Gati|Hsee|Hauser|Risen|Zaval|Gray|Norenzayan|Shafir|Schwarz|Savani|Tversky|Geissner|Knobe|Zhong,ID: Global self-esteem SISE|ID: TIPI for Big-Five|ID: Subjective wellbeing|ID: Cognitive reflection|ID: Mood,1355,11,Global,all,FALSE
ML2_Slate2_IndiaEng_Inlab_DEPLOY__isb_r.csv,isb,,,,,,,,,,,,,,,,,1,5,1,4,2,6,2,2,2,3,1,6,1,7,1,6,2,isb,isb,isb,India,"Indian School of Business, India",English,0,,Yes,In a lab,Computers,"No, the whole study was on the computer (except maybe consent/debriefing)",Ross.Slate2|Zhong|Zaval|Hsee|Hauser|Norenzayan|Gray|Tversky|Risen|Knobe|Schwarz|Geissner|Tversky.Gati|Savani|Shafir,ID: TIPI for Big-Five|ID: Global self-esteem SISE|ID: Cognitive reflection|ID: Mood|ID: Subjective wellbeing,1356,14,Global,all,TRUE
ML2_Slate2_IndiaEng_Inlab_DEPLOY__isb_r.csv,isb,,,,,,,,,,,,,,,,,1,6,2,5,1,6,2,6,1,6,1,7,1,7,1,7,2,isb,isb,isb,India,"Indian School of Business, India",English,0,,Yes,In a lab,Computers,"No, the whole study was on the computer (except maybe consent/debriefing)",Knobe|Hauser|Ross.Slate2|Shafir|Geissner|Tversky.Gati|Zhong|Tversky|Zaval|Schwarz|Savani|Hsee|Norenzayan|Risen|Gray,ID: Subjective wellbeing|ID: Global self-esteem SISE|ID: TIPI for Big-Five|ID: Mood|ID: Cognitive reflection,1357,11,Global,all,TRUE
ML2_Slate2_IndiaEng_Inlab_DEPLOY__isb_r.csv,isb,2,4,1,7,1,5,1,,1,7,1,7,1,7,1,7,,,,,,,,,,,,,,,,,1,isb,isb,isb,India,"Indian School of Business, India",English,0,,Yes,In a lab,Computers,"No, the whole study was on the computer (except maybe consent/debriefing)",Tversky|Geissner|Norenzayan|Zhong|Zaval|Risen|Knobe|Tversky.Gati|Savani|Gray|Schwarz|Hsee|Shafir|Hauser|Ross.Slate2,ID: Global self-esteem SISE|ID: TIPI for Big-Five|ID: Subjective wellbeing|ID: Cognitive reflection|ID: Mood,1358,9,Global,all,FALSE
ML2_Slate2_IndiaEng_Inlab_DEPLOY__isb_r.csv,isb,,,,,,,,,,,,,,,,,1,5,1,4,1,3,,,2,6,2,6,1,7,,1,1,isb,isb,isb,India,"Indian School of Business, India",English,0,,Yes,In a lab,Computers,"No, the whole study was on the computer (except maybe consent/debriefing)",Shafir|Geissner|Schwarz|Savani|Norenzayan|Hauser|Tversky.Gati|Ross.Slate2|Zaval|Hsee|Gray|Risen|Knobe|Zhong|Tversky,ID: Global self-esteem SISE|ID: Cognitive reflection|ID: Mood|ID: Subjective wellbeing|ID: TIPI for Big-Five,1359,4,Global,all,FALSE
ML2_Slate2_IndiaEng_Inlab_DEPLOY__isb_r.csv,isb,1,5,1,3,1,5,1,3,,,1,3,,,,,,,,,,,,,,,,,,,,,1,isb,isb,isb,India,"Indian School of Business, India",English,0,,Yes,In a lab,Computers,"No, the whole study was on the computer (except maybe consent/debriefing)",Risen|Knobe|Geissner|Schwarz|Tversky.Gati|Norenzayan|Ross.Slate2|Tversky|Zaval|Hsee|Gray|Shafir|Zhong|Hauser|Savani,ID: TIPI for Big-Five|ID: Cognitive reflection|ID: Subjective wellbeing|ID: Global self-esteem SISE|ID: Mood,1360,15,Global,all,FALSE
ML2_Slate2_IndiaEng_Inlab_DEPLOY__isb_r.csv,isb,1,7,1,4,1,3,3,5,2,7,1,4,,,,,,,,,,,,,,,,,,,,,2,isb,isb,isb,India,"Indian School of Business, India",English,0,,Yes,In a lab,Computers,"No, the whole study was on the computer (except maybe consent/debriefing)",Hauser|Risen|Hsee|Geissner|Tversky|Norenzayan|Zaval|Knobe|Tversky.Gati|Savani|Shafir|Gray|Ross.Slate2|Schwarz|Zhong,ID: TIPI for Big-Five|ID: Mood|ID: Subjective wellbeing|ID: Global self-esteem SISE|ID: Cognitive reflection,1361,10,Global,all,FALSE
ML2_Slate2_IndiaEng_Inlab_DEPLOY__isb_r.csv,isb,2,5,1,2,2,3,2,5,1,6,3,1,2,7,1,3,,,,,,,,,,,,,,,,,1,isb,isb,isb,India,"Indian School of Business, India",English,0,,Yes,In a lab,Computers,"No, the whole study was on the computer (except maybe consent/debriefing)",Risen|Tversky|Ross.Slate2|Savani|Schwarz|Hauser|Knobe|Geissner|Zaval|Gray|Norenzayan|Tversky.Gati|Hsee|Shafir|Zhong,ID: Subjective wellbeing|ID: TIPI for Big-Five|ID: Cognitive reflection|ID: Mood|ID: Global self-esteem SISE,1362,4,Global,all,TRUE
ML2_Slate2_IndiaEng_Inlab_DEPLOY__isb_r.csv,isb,,,,,,,,,,,,,,,,,1,6,,1,2,3,1,1,2,3,,5,3,5,2,6,1,isb,isb,isb,India,"Indian School of Business, India",English,0,,Yes,In a lab,Computers,"No, the whole study was on the computer (except maybe consent/debriefing)",Tversky.Gati|Geissner|Norenzayan|Savani|Tversky|Zhong|Knobe|Risen|Hauser|Shafir|Gray|Schwarz|Hsee|Zaval|Ross.Slate2,ID: Subjective wellbeing|ID: Global self-esteem SISE|ID: TIPI for Big-Five|ID: Cognitive reflection|ID: Mood,1363,4,Global,all,FALSE
ML2_Slate2_IndiaEng_Inlab_DEPLOY__isb_r.csv,isb,1,5,1,2,3,2,1,2,1,5,1,6,1,5,1,5,,,,,,,,,,,,,,,,,2,isb,isb,isb,India,"Indian School of Business, India",English,0,,Yes,In a lab,Computers,"No, the whole study was on the computer (except maybe consent/debriefing)",Shafir|Savani|Hsee|Zhong|Geissner|Tversky|Knobe|Risen|Norenzayan|Schwarz|Gray|Zaval|Hauser|Tversky.Gati|Ross.Slate2,ID: Cognitive reflection|ID: TIPI for Big-Five|ID: Mood|ID: Subjective wellbeing|ID: Global self-esteem SISE,1364,2,Global,all,TRUE
ML2_Slate2_IndiaEng_Inlab_DEPLOY__isb_r.csv,isb,1,5,1,3,1,4,1,5,1,4,1,4,1,5,1,5,,,,,,,,,,,,,,,,,2,isb,isb,isb,India,"Indian School of Business, India",English,0,,Yes,In a lab,Computers,"No, the whole study was on the computer (except maybe consent/debriefing)",Schwarz|Knobe|Hsee|Savani|Zhong|Geissner|Risen|Zaval|Norenzayan|Shafir|Tversky|Ross.Slate2|Hauser|Tversky.Gati|Gray,ID: Mood|ID: TIPI for Big-Five|ID: Global self-esteem SISE|ID: Subjective wellbeing|ID: Cognitive reflection,1365,4,Global,all,TRUE
ML2_Slate2_IndiaEng_Inlab_DEPLOY__isb_r.csv,isb,,,,,,,,,,,,,,,,,1,7,,,1,7,,,2,4,2,5,3,7,1,,2,isb,isb,isb,India,"Indian School of Business, India",English,0,,Yes,In a lab,Computers,"No, the whole study was on the computer (except maybe consent/debriefing)",Hauser|Ross.Slate2|Tversky|Savani|Shafir|Norenzayan|Tversky.Gati|Geissner|Schwarz|Gray|Hsee|Zhong|Risen|Zaval|Knobe,ID: TIPI for Big-Five|ID: Mood|ID: Subjective wellbeing|ID: Global self-esteem SISE|ID: Cognitive reflection,1366,4,Global,all,FALSE
ML2_Slate2_IndiaEng_Inlab_DEPLOY__isb_r.csv,isb,1,6,2,1,1,5,3,2,1,4,1,7,,,1,7,,,,,,,,,,,,,,,,,1,isb,isb,isb,India,"Indian School of Business, India",English,0,,Yes,In a lab,Computers,"No, the whole study was on the computer (except maybe consent/debriefing)",Hsee|Schwarz|Risen|Gray|Zaval|Savani|Knobe|Hauser|Tversky|Shafir|Geissner|Ross.Slate2|Zhong|Norenzayan|Tversky.Gati,ID: Mood|ID: TIPI for Big-Five|ID: Global self-esteem SISE|ID: Cognitive reflection|ID: Subjective wellbeing,1367,6,Global,all,FALSE
ML2_Slate2_IndiaEng_Inlab_DEPLOY__isb_r.csv,isb,1,4,2,5,3,6,3,3,1,3,1,5,1,5,1,6,,,,,,,,,,,,,,,,,2,isb,isb,isb,India,"Indian School of Business, India",English,0,,Yes,In a lab,Computers,"No, the whole study was on the computer (except maybe consent/debriefing)",Knobe|Schwarz|Shafir|Tversky|Hauser|Tversky.Gati|Zaval|Geissner|Risen|Norenzayan|Hsee|Savani|Ross.Slate2|Zhong|Gray,ID: Cognitive reflection|ID: Global self-esteem SISE|ID: Subjective wellbeing|ID: Mood|ID: TIPI for Big-Five,1368,12,Global,all,TRUE
ML2_Slate2_IndiaEng_Inlab_DEPLOY__isb_r.csv,isb,1,5,1,4,3,6,2,7,1,5,1,4,2,6,1,2,,,,,,,,,,,,,,,,,1,isb,isb,isb,India,"Indian School of Business, India",English,0,,Yes,In a lab,Computers,"No, the whole study was on the computer (except maybe consent/debriefing)",Knobe|Norenzayan|Gray|Savani|Tversky|Tversky.Gati|Geissner|Hsee|Zaval|Hauser|Shafir|Risen|Schwarz|Ross.Slate2|Zhong,ID: Subjective wellbeing|ID: Mood|ID: Cognitive reflection|ID: Global self-esteem SISE|ID: TIPI for Big-Five,1369,4,Global,all,TRUE
ML2_Slate2_IndiaEng_Inlab_DEPLOY__isb_r.csv,isb,,,,,,,,,,,,,,,,,1,2,1,3,3,2,1,4,2,3,2,5,2,6,1,5,2,isb,isb,isb,India,"Indian School of Business, India",English,0,,Yes,In a lab,Computers,"No, the whole study was on the computer (except maybe consent/debriefing)",Tversky.Gati|Ross.Slate2|Savani|Schwarz|Risen|Zaval|Geissner|Tversky|Gray|Knobe|Hsee|Shafir|Zhong|Hauser|Norenzayan,ID: Mood|ID: Cognitive reflection|ID: TIPI for Big-Five|ID: Global self-esteem SISE|ID: Subjective wellbeing,1370,3,Global,all,TRUE
ML2_Slate2_IndiaEng_Inlab_DEPLOY__isb_r.csv,isb,1,6,2,4,1,3,1,4,2,5,1,5,3,6,1,4,,,,,,,,,,,,,,,,,2,isb,isb,isb,India,"Indian School of Business, India",English,0,,Yes,In a lab,Computers,"No, the whole study was on the computer (except maybe consent/debriefing)",Tversky|Geissner|Risen|Zaval|Hsee|Shafir|Knobe|Savani|Hauser|Ross.Slate2|Schwarz|Tversky.Gati|Gray|Zhong|Norenzayan,ID: Global self-esteem SISE|ID: Subjective wellbeing|ID: Mood|ID: TIPI for Big-Five|ID: Cognitive reflection,1371,8,Global,all,TRUE
ML2_Slate2_IndiaEng_Inlab_DEPLOY__isb_r.csv,isb,,,,,,,,,,,,,,,,,2,3,1,2,1,3,3,5,2,7,1,5,1,7,2,5,2,isb,isb,isb,India,"Indian School of Business, India",English,0,,Yes,In a lab,Computers,"No, the whole study was on the computer (except maybe consent/debriefing)",Hauser|Shafir|Tversky|Savani|Norenzayan|Tversky.Gati|Knobe|Zhong|Risen|Hsee|Schwarz|Geissner|Gray|Ross.Slate2|Zaval,ID: Cognitive reflection|ID: Global self-esteem SISE|ID: TIPI for Big-Five|ID: Mood|ID: Subjective wellbeing,1372,4,Global,all,TRUE
ML2_Slate2_IndiaEng_Inlab_DEPLOY__isb_r.csv,isb,1,5,1,6,2,6,2,6,1,5,,,,,2,7,,,,,,,,,,,,,,,,,1,isb,isb,isb,India,"Indian School of Business, India",English,0,,Yes,In a lab,Computers,"No, the whole study was on the computer (except maybe consent/debriefing)",Schwarz|Geissner|Hsee|Risen|Tversky.Gati|Hauser|Savani|Zhong|Knobe|Tversky|Shafir|Zaval|Ross.Slate2|Norenzayan|Gray,ID: Global self-esteem SISE|ID: Subjective wellbeing|ID: Mood|ID: TIPI for Big-Five|ID: Cognitive reflection,1373,7,Global,all,FALSE
ML2_Slate2_IndiaEng_Inlab_DEPLOY__isb_r.csv,isb,2,6,1,4,1,5,1,3,,,1,5,2,7,,,,,,,,,,,,,,,,,,,2,isb,isb,isb,India,"Indian School of Business, India",English,0,,Yes,In a lab,Computers,"No, the whole study was on the computer (except maybe consent/debriefing)",Zhong|Hauser|Norenzayan|Hsee|Zaval|Ross.Slate2|Shafir|Tversky.Gati|Schwarz|Savani|Geissner|Knobe|Tversky|Gray|Risen,ID: TIPI for Big-Five|ID: Subjective wellbeing|ID: Mood|ID: Cognitive reflection|ID: Global self-esteem SISE,1374,10,Global,all,FALSE
ML2_Slate2_IndiaEng_Inlab_DEPLOY__isb_r.csv,isb,1,6,1,4,1,3,1,4,2,5,2,6,,,1,5,,,,,,,,,,,,,,,,,4,isb,isb,isb,India,"Indian School of Business, India",English,0,,Yes,In a lab,Computers,"No, the whole study was on the computer (except maybe consent/debriefing)",Geissner|Gray|Schwarz|Hsee|Zhong|Ross.Slate2|Tversky|Tversky.Gati|Risen|Hauser|Norenzayan|Savani|Shafir|Zaval|Knobe,ID: Subjective wellbeing|ID: Cognitive reflection|ID: Global self-esteem SISE|ID: Mood|ID: TIPI for Big-Five,1375,12,Global,all,FALSE
ML2_Slate2_IndiaEng_Inlab_DEPLOY__isb_r.csv,isb,1,4,1,1,2,6,2,6,2,7,2,7,2,7,,,,,,,,,,,,,,,,,,,1,isb,isb,isb,India,"Indian School of Business, India",English,0,,Yes,In a lab,Computers,"No, the whole study was on the computer (except maybe consent/debriefing)",Ross.Slate2|Tversky.Gati|Gray|Knobe|Risen|Schwarz|Geissner|Tversky|Norenzayan|Savani|Zhong|Shafir|Hsee|Zaval|Hauser,ID: Mood|ID: Cognitive reflection|ID: TIPI for Big-Five|ID: Subjective wellbeing|ID: Global self-esteem SISE,1376,10,Global,all,FALSE
ML2_Slate2_IndiaEng_Inlab_DEPLOY__isb_r.csv,isb,,,,,,,,,,,,,,,,,1,3,1,1,2,3,2,2,1,5,1,4,1,7,1,2,1,isb,isb,isb,India,"Indian School of Business, India",English,0,,Yes,In a lab,Computers,"No, the whole study was on the computer (except maybe consent/debriefing)",Tversky|Hsee|Tversky.Gati|Ross.Slate2|Gray|Savani|Knobe|Zhong|Hauser|Schwarz|Norenzayan|Risen|Shafir|Geissner|Zaval,ID: Global self-esteem SISE|ID: Cognitive reflection|ID: Subjective wellbeing|ID: Mood|ID: TIPI for Big-Five,1377,6,Global,all,TRUE
ML2_Slate2_IndiaEng_Inlab_DEPLOY__isb_r.csv,isb,2,2,1,1,1,2,1,2,2,6,1,2,1,4,1,4,,,,,,,,,,,,,,,,,1,isb,isb,isb,India,"Indian School of Business, India",English,0,,Yes,In a lab,Computers,"No, the whole study was on the computer (except maybe consent/debriefing)",Schwarz|Risen|Tversky.Gati|Knobe|Zaval|Norenzayan|Hsee|Gray|Hauser|Zhong|Savani|Ross.Slate2|Tversky|Shafir|Geissner,ID: TIPI for Big-Five|ID: Cognitive reflection|ID: Mood|ID: Subjective wellbeing|ID: Global self-esteem SISE,1378,11,Global,all,TRUE
ML2_Slate2_IndiaEng_Inlab_DEPLOY__isb_r.csv,isb,,,,,,,,,,,,,,,,,1,6,2,1,,,,,2,7,,,2,7,,,1,isb,isb,isb,India,"Indian School of Business, India",English,0,,Yes,In a lab,Computers,"No, the whole study was on the computer (except maybe consent/debriefing)",Hsee|Knobe|Ross.Slate2|Savani|Geissner|Gray|Tversky.Gati|Zhong|Risen|Shafir|Tversky|Schwarz|Hauser|Zaval|Norenzayan,ID: Global self-esteem SISE|ID: Mood|ID: Cognitive reflection|ID: TIPI for Big-Five|ID: Subjective wellbeing,1379,4,Global,all,FALSE
ML2_Slate2_IndiaEng_Inlab_DEPLOY__isb_r.csv,isb,,,,,,,,,,,,,,,,,1,6,2,7,1,7,2,6,2,7,2,7,2,7,3,7,2,isb,isb,isb,India,"Indian School of Business, India",English,0,,Yes,In a lab,Computers,"No, the whole study was on the computer (except maybe consent/debriefing)",Tversky|Norenzayan|Geissner|Tversky.Gati|Gray|Hauser|Schwarz|Ross.Slate2|Zhong|Zaval|Savani|Knobe|Risen|Hsee|Shafir,ID: Mood|ID: Cognitive reflection|ID: Global self-esteem SISE|ID: Subjective wellbeing|ID: TIPI for Big-Five,1380,11,Global,all,TRUE
ML2_Slate2_IndiaEng_Inlab_DEPLOY__isb_r.csv,isb,,,,,,,,,,,,,,,,,1,6,2,4,3,3,1,3,2,5,2,5,1,4,2,3,2,isb,isb,isb,India,"Indian School of Business, India",English,0,,Yes,In a lab,Computers,"No, the whole study was on the computer (except maybe consent/debriefing)",Gray|Hauser|Zaval|Savani|Geissner|Hsee|Schwarz|Risen|Tversky.Gati|Tversky|Zhong|Ross.Slate2|Shafir|Knobe|Norenzayan,ID: Cognitive reflection|ID: Global self-esteem SISE|ID: Subjective wellbeing|ID: TIPI for Big-Five|ID: Mood,1381,4,Global,all,TRUE
ML2_Slate2_IndiaEng_Inlab_DEPLOY__isb_r.csv,isb,,,,,,,,,,,,,,,,,2,1,2,1,3,1,1,3,1,1,1,2,1,2,3,3,2,isb,isb,isb,India,"Indian School of Business, India",English,0,,Yes,In a lab,Computers,"No, the whole study was on the computer (except maybe consent/debriefing)",Knobe|Shafir|Geissner|Tversky|Hauser|Zhong|Ross.Slate2|Hsee|Tversky.Gati|Gray|Schwarz|Risen|Savani|Zaval|Norenzayan,ID: TIPI for Big-Five|ID: Global self-esteem SISE|ID: Cognitive reflection|ID: Mood|ID: Subjective wellbeing,1382,13,Global,all,TRUE
ML2_Slate2_IndiaEng_Inlab_DEPLOY__isb_r.csv,isb,1,6,1,6,1,2,1,3,1,5,2,6,1,7,3,4,,,,,,,,,,,,,,,,,2,isb,isb,isb,India,"Indian School of Business, India",English,0,,Yes,In a lab,Computers,"No, the whole study was on the computer (except maybe consent/debriefing)",Geissner|Norenzayan|Zhong|Savani|Ross.Slate2|Tversky.Gati|Hsee|Zaval|Gray|Hauser|Schwarz|Risen|Tversky|Knobe|Shafir,ID: TIPI for Big-Five|ID: Cognitive reflection|ID: Mood|ID: Global self-esteem SISE|ID: Subjective wellbeing,1383,4,Global,all,TRUE
ML2_Slate2_IndiaEng_Inlab_DEPLOY__isb_r.csv,isb,,,,,,,,,,,,,,,,,1,4,2,4,2,5,1,5,2,6,1,6,1,7,3,4,1,isb,isb,isb,India,"Indian School of Business, India",English,0,,Yes,In a lab,Computers,"No, the whole study was on the computer (except maybe consent/debriefing)",Risen|Hauser|Tversky.Gati|Savani|Ross.Slate2|Knobe|Gray|Tversky|Zaval|Schwarz|Norenzayan|Hsee|Shafir|Geissner|Zhong,ID: Global self-esteem SISE|ID: Cognitive reflection|ID: TIPI for Big-Five|ID: Subjective wellbeing|ID: Mood,1384,4,Global,all,TRUE
ML2_Slate2_IndiaEng_Inlab_DEPLOY__isb_r.csv,isb,,,,,,,,,,,,,,,,,1,5,1,1,1,2,1,5,1,7,1,7,1,7,1,6,2,isb,isb,isb,India,"Indian School of Business, India",English,0,,Yes,In a lab,Computers,"No, the whole study was on the computer (except maybe consent/debriefing)",Hsee|Schwarz|Zhong|Shafir|Tversky|Tversky.Gati|Gray|Savani|Ross.Slate2|Knobe|Zaval|Hauser|Norenzayan|Geissner|Risen,ID: Mood|ID: TIPI for Big-Five|ID: Global self-esteem SISE|ID: Subjective wellbeing|ID: Cognitive reflection,1385,8,Global,all,TRUE
ML2_Slate2_IndiaEng_Inlab_DEPLOY__isb_r.csv,isb,1,4,1,4,1,4,2,4,1,4,1,4,1,4,1,3,,,,,,,,,,,,,,,,,2,isb,isb,isb,India,"Indian School of Business, India",English,0,,Yes,In a lab,Computers,"No, the whole study was on the computer (except maybe consent/debriefing)",Tversky.Gati|Savani|Risen|Ross.Slate2|Knobe|Hsee|Gray|Shafir|Zaval|Geissner|Hauser|Zhong|Schwarz|Norenzayan|Tversky,ID: Subjective wellbeing|ID: Cognitive reflection|ID: TIPI for Big-Five|ID: Global self-esteem SISE|ID: Mood,1386,2,Global,all,TRUE
ML2_Slate2_IndiaEng_Inlab_DEPLOY__isb_r.csv,isb,1,3,1,4,1,3,1,1,1,5,2,5,2,5,,4,,,,,,,,,,,,,,,,,1,isb,isb,isb,India,"Indian School of Business, India",English,0,,Yes,In a lab,Computers,"No, the whole study was on the computer (except maybe consent/debriefing)",Savani|Geissner|Ross.Slate2|Hsee|Zaval|Zhong|Gray|Shafir|Tversky.Gati|Tversky|Risen|Hauser|Schwarz|Knobe|Norenzayan,ID: Mood|ID: TIPI for Big-Five|ID: Subjective wellbeing|ID: Global self-esteem SISE|ID: Cognitive reflection,1387,1,Global,all,FALSE
ML2_Slate2_IndiaEng_Inlab_DEPLOY__isb_r.csv,isb,2,5,1,3,1,2,1,2,2,5,2,7,1,5,1,6,,,,,,,,,,,,,,,,,2,isb,isb,isb,India,"Indian School of Business, India",English,0,,Yes,In a lab,Computers,"No, the whole study was on the computer (except maybe consent/debriefing)",Risen|Zhong|Tversky.Gati|Schwarz|Tversky|Zaval|Savani|Shafir|Geissner|Hsee|Gray|Norenzayan|Ross.Slate2|Knobe|Hauser,ID: Mood|ID: Subjective wellbeing|ID: Cognitive reflection|ID: TIPI for Big-Five|ID: Global self-esteem SISE,1388,7,Global,all,TRUE
ML2_Slate2_IndiaEng_Inlab_DEPLOY__isb_r.csv,isb,1,6,1,6,3,6,1,5,1,5,1,6,1,6,1,4,,,,,,,,,,,,,,,,,1,isb,isb,isb,India,"Indian School of Business, India",English,0,,Yes,In a lab,Computers,"No, the whole study was on the computer (except maybe consent/debriefing)",Savani|Norenzayan|Gray|Zaval|Knobe|Geissner|Tversky.Gati|Hsee|Hauser|Ross.Slate2|Risen|Zhong|Schwarz|Shafir|Tversky,ID: Mood|ID: Global self-esteem SISE|ID: Subjective wellbeing|ID: TIPI for Big-Five|ID: Cognitive reflection,1389,1,Global,all,TRUE
ML2_Slate2_IndiaEng_Inlab_DEPLOY__isb_r.csv,isb,,,,,,,,,,,,,,,,,1,6,1,5,3,4,2,4,1,5,2,2,1,7,1,5,2,isb,isb,isb,India,"Indian School of Business, India",English,0,,Yes,In a lab,Computers,"No, the whole study was on the computer (except maybe consent/debriefing)",Tversky.Gati|Ross.Slate2|Zhong|Geissner|Savani|Hsee|Shafir|Knobe|Tversky|Hauser|Gray|Norenzayan|Zaval|Schwarz|Risen,ID: Global self-esteem SISE|ID: Mood|ID: Subjective wellbeing|ID: Cognitive reflection|ID: TIPI for Big-Five,1390,5,Global,all,TRUE
ML2_Slate2_IndiaEng_Inlab_DEPLOY__isb_r.csv,isb,1,4,1,1,1,1,1,4,2,7,1,1,2,6,3,6,,,,,,,,,,,,,,,,,1,isb,isb,isb,India,"Indian School of Business, India",English,0,,Yes,In a lab,Computers,"No, the whole study was on the computer (except maybe consent/debriefing)",Savani|Hsee|Tversky.Gati|Hauser|Ross.Slate2|Norenzayan|Geissner|Knobe|Gray|Risen|Zhong|Tversky|Zaval|Schwarz|Shafir,ID: Global self-esteem SISE|ID: Subjective wellbeing|ID: Cognitive reflection|ID: TIPI for Big-Five|ID: Mood,1391,1,Global,all,TRUE
ML2_Slate2_IndiaEng_Inlab_DEPLOY__isb_r.csv,isb,,,,,,,,,,,,,,,,,1,7,1,7,2,6,2,3,1,7,2,5,1,7,1,6,1,isb,isb,isb,India,"Indian School of Business, India",English,0,,Yes,In a lab,Computers,"No, the whole study was on the computer (except maybe consent/debriefing)",Zhong|Geissner|Savani|Risen|Schwarz|Ross.Slate2|Norenzayan|Tversky|Gray|Hsee|Tversky.Gati|Shafir|Hauser|Zaval|Knobe,ID: TIPI for Big-Five|ID: Subjective wellbeing|ID: Global self-esteem SISE|ID: Mood|ID: Cognitive reflection,1392,3,Global,all,TRUE
ML2_Slate2_IndiaEng_Inlab_DEPLOY__isb_r.csv,isb,1,4,1,4,,,1,4,1,3,1,5,3,6,3,6,,,,,,,,,,,,,,,,,2,isb,isb,isb,India,"Indian School of Business, India",English,0,,Yes,In a lab,Computers,"No, the whole study was on the computer (except maybe consent/debriefing)",Hsee|Shafir|Ross.Slate2|Gray|Risen|Geissner|Tversky|Savani|Zaval|Zhong|Norenzayan|Hauser|Schwarz|Knobe|Tversky.Gati,ID: Subjective wellbeing|ID: Cognitive reflection|ID: Mood|ID: TIPI for Big-Five|ID: Global self-esteem SISE,1393,8,Global,all,FALSE
ML2_Slate2_IndiaEng_Inlab_DEPLOY__isb_r.csv,isb,,,,,,,,,,,,,,,,,1,5,1,7,,,1,6,,,2,6,1,7,,,1,isb,isb,isb,India,"Indian School of Business, India",English,0,,Yes,In a lab,Computers,"No, the whole study was on the computer (except maybe consent/debriefing)",Zhong|Norenzayan|Hsee|Schwarz|Tversky.Gati|Ross.Slate2|Risen|Savani|Hauser|Geissner|Shafir|Tversky|Zaval|Gray|Knobe,ID: Subjective wellbeing|ID: TIPI for Big-Five|ID: Mood|ID: Global self-esteem SISE|ID: Cognitive reflection,1394,8,Global,all,FALSE
ML2_Slate2_IndiaEng_Inlab_DEPLOY__isb_r.csv,isb,1,4,1,1,1,5,1,2,2,7,1,3,2,2,1,1,,,,,,,,,,,,,,,,,1,isb,isb,isb,India,"Indian School of Business, India",English,0,,Yes,In a lab,Computers,"No, the whole study was on the computer (except maybe consent/debriefing)",Hsee|Ross.Slate2|Zhong|Geissner|Gray|Norenzayan|Knobe|Zaval|Hauser|Tversky.Gati|Risen|Shafir|Schwarz|Savani|Tversky,ID: Subjective wellbeing|ID: Global self-esteem SISE|ID: TIPI for Big-Five|ID: Cognitive reflection|ID: Mood,1395,14,Global,all,TRUE
ML2_Slate2_IndiaEng_Inlab_DEPLOY__isb_r.csv,isb,2,6,1,4,1,4,2,3,2,4,1,7,3,2,1,5,,,,,,,,,,,,,,,,,1,isb,isb,isb,India,"Indian School of Business, India",English,0,,Yes,In a lab,Computers,"No, the whole study was on the computer (except maybe consent/debriefing)",Zhong|Tversky|Ross.Slate2|Zaval|Geissner|Gray|Savani|Hsee|Schwarz|Risen|Tversky.Gati|Shafir|Norenzayan|Knobe|Hauser,ID: Subjective wellbeing|ID: Mood|ID: Global self-esteem SISE|ID: Cognitive reflection|ID: TIPI for Big-Five,1396,7,Global,all,TRUE
ML2_Slate2_IndiaEng_Inlab_DEPLOY__isb_r.csv,isb,1,2,1,1,3,4,1,4,3,5,1,7,1,5,1,6,,,,,,,,,,,,,,,,,2,isb,isb,isb,India,"Indian School of Business, India",English,0,,Yes,In a lab,Computers,"No, the whole study was on the computer (except maybe consent/debriefing)",Zhong|Ross.Slate2|Knobe|Tversky.Gati|Hsee|Shafir|Hauser|Geissner|Savani|Tversky|Risen|Norenzayan|Schwarz|Zaval|Gray,ID: Mood|ID: TIPI for Big-Five|ID: Subjective wellbeing|ID: Cognitive reflection|ID: Global self-esteem SISE,1397,9,Global,all,TRUE
ML2_Slate2_IndiaEng_Inlab_DEPLOY__isb_r.csv,isb,,,,,,,,,,,,,,,,,1,7,,,2,3,1,6,2,5,2,7,2,7,,7,1,isb,isb,isb,India,"Indian School of Business, India",English,0,,Yes,In a lab,Computers,"No, the whole study was on the computer (except maybe consent/debriefing)",Zaval|Shafir|Schwarz|Risen|Geissner|Hauser|Tversky|Savani|Tversky.Gati|Ross.Slate2|Norenzayan|Hsee|Knobe|Gray|Zhong,ID: Global self-esteem SISE|ID: Subjective wellbeing|ID: Mood|ID: TIPI for Big-Five|ID: Cognitive reflection,1398,8,Global,all,FALSE
ML2_Slate2_IndiaEng_Inlab_DEPLOY__isb_r.csv,isb,,,,,,,,,,,,,,,,,1,5,1,3,1,2,1,1,2,7,2,5,1,1,1,2,1,isb,isb,isb,India,"Indian School of Business, India",English,0,,Yes,In a lab,Computers,"No, the whole study was on the computer (except maybe consent/debriefing)",Zaval|Knobe|Tversky|Zhong|Risen|Ross.Slate2|Tversky.Gati|Gray|Savani|Hauser|Norenzayan|Geissner|Shafir|Schwarz|Hsee,ID: TIPI for Big-Five|ID: Mood|ID: Cognitive reflection|ID: Global self-esteem SISE|ID: Subjective wellbeing,1399,9,Global,all,TRUE
ML2_Slate2_IndiaEng_Inlab_DEPLOY__isb_r.csv,isb,,,,,,,,,,,,,,,,,2,7,2,5,1,6,1,6,2,6,,,2,7,,,1,isb,isb,isb,India,"Indian School of Business, India",English,0,,Yes,In a lab,Computers,"No, the whole study was on the computer (except maybe consent/debriefing)",Hsee|Hauser|Tversky|Shafir|Norenzayan|Zhong|Risen|Savani|Zaval|Schwarz|Tversky.Gati|Geissner|Gray|Ross.Slate2|Knobe,ID: TIPI for Big-Five|ID: Global self-esteem SISE|ID: Mood|ID: Subjective wellbeing|ID: Cognitive reflection,1400,8,Global,all,FALSE
ML2_Slate2_IndiaEng_Inlab_DEPLOY__isb_r.csv,isb,,,,,,,,,,,,,,,,,1,5,1,6,3,4,2,5,1,6,1,7,1,7,1,6,2,isb,isb,isb,India,"Indian School of Business, India",English,0,,Yes,In a lab,Computers,"No, the whole study was on the computer (except maybe consent/debriefing)",Tversky.Gati|Norenzayan|Gray|Schwarz|Zaval|Risen|Hsee|Ross.Slate2|Knobe|Hauser|Shafir|Zhong|Geissner|Savani|Tversky,ID: Global self-esteem SISE|ID: TIPI for Big-Five|ID: Subjective wellbeing|ID: Mood|ID: Cognitive reflection,1401,14,Global,all,TRUE
ML2_Slate2_IndiaEng_Inlab_DEPLOY__isb_r.csv,isb,,,,,,,,,,,,,,,,,1,4,1,2,1,3,,1,2,5,2,6,1,7,,,2,isb,isb,isb,India,"Indian School of Business, India",English,0,,Yes,In a lab,Computers,"No, the whole study was on the computer (except maybe consent/debriefing)",Savani|Ross.Slate2|Geissner|Knobe|Zaval|Hauser|Schwarz|Zhong|Risen|Norenzayan|Hsee|Tversky.Gati|Gray|Tversky|Shafir,ID: TIPI for Big-Five|ID: Global self-esteem SISE|ID: Cognitive reflection|ID: Mood|ID: Subjective wellbeing,1402,1,Global,all,FALSE
ML2_Slate2_IndiaEng_Inlab_DEPLOY__isb_r.csv,isb,,,,,,,,,,,,,,,,,1,6,1,1,3,2,3,1,3,1,1,1,2,6,1,6,2,isb,isb,isb,India,"Indian School of Business, India",English,0,,Yes,In a lab,Computers,"No, the whole study was on the computer (except maybe consent/debriefing)",Hauser|Tversky|Ross.Slate2|Savani|Zaval|Knobe|Norenzayan|Zhong|Risen|Gray|Schwarz|Hsee|Geissner|Shafir|Tversky.Gati,ID: Subjective wellbeing|ID: TIPI for Big-Five|ID: Global self-esteem SISE|ID: Cognitive reflection|ID: Mood,1403,4,Global,all,TRUE
ML2_Slate2_IndiaEng_Inlab_DEPLOY__isb_r.csv,isb,,,,,,,,,,,,,,,,,1,5,2,3,,,1,1,,,2,6,1,6,1,6,2,isb,isb,isb,India,"Indian School of Business, India",English,0,,Yes,In a lab,Computers,"No, the whole study was on the computer (except maybe consent/debriefing)",Ross.Slate2|Hauser|Hsee|Zaval|Savani|Tversky.Gati|Knobe|Norenzayan|Geissner|Gray|Shafir|Risen|Schwarz|Zhong|Tversky,ID: Global self-esteem SISE|ID: Subjective wellbeing|ID: Mood|ID: Cognitive reflection|ID: TIPI for Big-Five,1404,5,Global,all,FALSE
ML2_Slate2_IndiaEng_Inlab_DEPLOY__isb_r.csv,isb,,,,,,,,,,,,,,,,,1,5,1,2,1,3,3,4,2,7,1,7,1,7,1,7,1,isb,isb,isb,India,"Indian School of Business, India",English,0,,Yes,In a lab,Computers,"No, the whole study was on the computer (except maybe consent/debriefing)",Savani|Tversky|Hauser|Gray|Zhong|Risen|Zaval|Hsee|Geissner|Tversky.Gati|Norenzayan|Shafir|Knobe|Schwarz|Ross.Slate2,ID: Subjective wellbeing|ID: TIPI for Big-Five|ID: Cognitive reflection|ID: Mood|ID: Global self-esteem SISE,1405,1,Global,all,TRUE
ML2_Slate2_IndiaEng_Inlab_DEPLOY__isb_r.csv,isb,1,6,2,6,2,6,1,6,1,5,1,6,1,5,1,5,,,,,,,,,,,,,,,,,1,isb,isb,isb,India,"Indian School of Business, India",English,0,,Yes,In a lab,Computers,"No, the whole study was on the computer (except maybe consent/debriefing)",Knobe|Zhong|Norenzayan|Zaval|Hauser|Schwarz|Tversky|Gray|Savani|Tversky.Gati|Risen|Hsee|Shafir|Geissner|Ross.Slate2,ID: Subjective wellbeing|ID: TIPI for Big-Five|ID: Mood|ID: Cognitive reflection|ID: Global self-esteem SISE,1406,9,Global,all,TRUE
ML2_Slate2_IndiaEng_Inlab_DEPLOY__isb_r.csv,isb,,,,,,,,,,,,,,,,,1,5,1,6,1,5,3,4,1,2,2,5,2,7,1,7,1,isb,isb,isb,India,"Indian School of Business, India",English,0,,Yes,In a lab,Computers,"No, the whole study was on the computer (except maybe consent/debriefing)",Tversky|Schwarz|Zhong|Tversky.Gati|Hsee|Geissner|Gray|Knobe|Risen|Ross.Slate2|Shafir|Norenzayan|Hauser|Zaval|Savani,ID: Mood|ID: Cognitive reflection|ID: Global self-esteem SISE|ID: TIPI for Big-Five|ID: Subjective wellbeing,1407,15,Global,all,TRUE
ML2_Slate2_IndiaEng_Inlab_DEPLOY__isb_r.csv,isb,,,,,,,,,,,,,,,,,1,7,1,,,,3,4,1,7,1,5,1,7,1,7,2,isb,isb,isb,India,"Indian School of Business, India",English,0,,Yes,In a lab,Computers,"No, the whole study was on the computer (except maybe consent/debriefing)",Hsee|Risen|Shafir|Norenzayan|Hauser|Savani|Schwarz|Tversky.Gati|Ross.Slate2|Gray|Zaval|Geissner|Tversky|Zhong|Knobe,ID: Mood|ID: Cognitive reflection|ID: Global self-esteem SISE|ID: Subjective wellbeing|ID: TIPI for Big-Five,1408,6,Global,all,FALSE
ML2_Slate2_IndiaEng_Inlab_DEPLOY__isb_r.csv,isb,2,5,1,4,,,1,5,1,6,1,6,1,7,1,5,,,,,,,,,,,,,,,,,1,isb,isb,isb,India,"Indian School of Business, India",English,0,,Yes,In a lab,Computers,"No, the whole study was on the computer (except maybe consent/debriefing)",Zhong|Knobe|Hsee|Tversky.Gati|Hauser|Tversky|Ross.Slate2|Gray|Savani|Norenzayan|Risen|Shafir|Schwarz|Geissner|Zaval,ID: TIPI for Big-Five|ID: Cognitive reflection|ID: Global self-esteem SISE|ID: Mood|ID: Subjective wellbeing,1409,9,Global,all,FALSE
ML2_Slate2_IndiaEng_Inlab_DEPLOY__isb_r.csv,isb,,,,,,,,,,,,,,,,,1,7,1,4,1,4,1,4,2,5,1,4,1,6,1,4,2,isb,isb,isb,India,"Indian School of Business, India",English,0,,Yes,In a lab,Computers,"No, the whole study was on the computer (except maybe consent/debriefing)",Knobe|Schwarz|Norenzayan|Savani|Tversky.Gati|Tversky|Zhong|Zaval|Geissner|Hsee|Ross.Slate2|Gray|Shafir|Risen|Hauser,ID: TIPI for Big-Five|ID: Subjective wellbeing|ID: Cognitive reflection|ID: Global self-esteem SISE|ID: Mood,1410,4,Global,all,TRUE
ML2_Slate2_IndiaEng_Inlab_DEPLOY__isb_r.csv,isb,,,,,,,,,,,,,,,,,1,5,2,3,2,3,3,2,1,6,1,6,1,7,1,5,2,isb,isb,isb,India,"Indian School of Business, India",English,0,,Yes,In a lab,Computers,"No, the whole study was on the computer (except maybe consent/debriefing)",Tversky.Gati|Zaval|Geissner|Gray|Zhong|Tversky|Norenzayan|Risen|Schwarz|Shafir|Hsee|Savani|Ross.Slate2|Knobe|Hauser,ID: Global self-esteem SISE|ID: TIPI for Big-Five|ID: Mood|ID: Subjective wellbeing|ID: Cognitive reflection,1411,12,Global,all,TRUE
ML2_Slate2_IndiaEng_Inlab_DEPLOY__isb_r.csv,isb,1,5,,,,5,,5,2,,2,6,2,6,2,6,,,,,,,,,,,,,,,,,1,isb,isb,isb,India,"Indian School of Business, India",English,0,,Yes,In a lab,Computers,"No, the whole study was on the computer (except maybe consent/debriefing)",Risen|Tversky|Savani|Tversky.Gati|Geissner|Shafir|Knobe|Zhong|Hauser|Hsee|Schwarz|Zaval|Gray|Norenzayan|Ross.Slate2,ID: Subjective wellbeing|ID: TIPI for Big-Five|ID: Global self-esteem SISE|ID: Cognitive reflection|ID: Mood,1412,3,Global,all,FALSE
ML2_Slate2_IndiaEng_Inlab_DEPLOY__isb_r.csv,isb,,,,,,,,,,,,,,,,,1,5,1,4,1,4,1,5,,,1,6,1,5,1,5,2,isb,isb,isb,India,"Indian School of Business, India",English,0,,Yes,In a lab,Computers,"No, the whole study was on the computer (except maybe consent/debriefing)",Ross.Slate2|Tversky.Gati|Zaval|Schwarz|Shafir|Knobe|Hauser|Norenzayan|Savani|Hsee|Gray|Risen|Zhong|Geissner|Tversky,ID: TIPI for Big-Five|ID: Cognitive reflection|ID: Global self-esteem SISE|ID: Mood|ID: Subjective wellbeing,1413,9,Global,all,FALSE
ML2_Slate2_IndiaEng_Inlab_DEPLOY__isb_r.csv,isb,,,,,,,,,,,,,,,,,,,,,,,,,,,,,,,,,1,isb,isb,isb,India,"Indian School of Business, India",English,0,,Yes,In a lab,Computers,"No, the whole study was on the computer (except maybe consent/debriefing)",Schwarz|Hauser|Savani|Ross.Slate2|Knobe|Geissner|Zhong|Tversky.Gati|Gray|Norenzayan|Hsee|Shafir|Tversky|Risen|Zaval,ID: TIPI for Big-Five|ID: Subjective wellbeing|ID: Global self-esteem SISE|ID: Mood|ID: Cognitive reflection,1414,3,Global,all,FALSE
ML2_Slate2_IndiaEng_Inlab_DEPLOY__isb_r.csv,isb,1,6,1,5,1,5,1,6,1,4,1,5,1,5,1,5,,,,,,,,,,,,,,,,,2,isb,isb,isb,India,"Indian School of Business, India",English,0,,Yes,In a lab,Computers,"No, the whole study was on the computer (except maybe consent/debriefing)",Hsee|Gray|Zaval|Savani|Hauser|Risen|Zhong|Tversky|Tversky.Gati|Shafir|Ross.Slate2|Knobe|Geissner|Norenzayan|Schwarz,ID: Global self-esteem SISE|ID: TIPI for Big-Five|ID: Cognitive reflection|ID: Mood|ID: Subjective wellbeing,1415,4,Global,all,TRUE
ML2_Slate2_IndiaEng_Inlab_DEPLOY__isb_r.csv,isb,1,4,1,5,1,5,1,5,1,5,,3,1,5,3,5,,,,,,,,,,,,,,,,,1,isb,isb,isb,India,"Indian School of Business, India",English,0,,Yes,In a lab,Computers,"No, the whole study was on the computer (except maybe consent/debriefing)",Tversky|Hauser|Hsee|Ross.Slate2|Risen|Zaval|Savani|Schwarz|Knobe|Shafir|Geissner|Zhong|Gray|Tversky.Gati|Norenzayan,ID: Cognitive reflection|ID: Global self-esteem SISE|ID: TIPI for Big-Five|ID: Subjective wellbeing|ID: Mood,1416,7,Global,all,FALSE
ML2_Slate2_IndiaEng_Inlab_DEPLOY__isb_r.csv,isb,1,4,1,4,1,5,2,4,1,5,1,4,1,5,2,5,,,,,,,,,,,,,,,,,2,isb,isb,isb,India,"Indian School of Business, India",English,0,,Yes,In a lab,Computers,"No, the whole study was on the computer (except maybe consent/debriefing)",Hsee|Savani|Risen|Tversky.Gati|Zaval|Tversky|Hauser|Zhong|Shafir|Knobe|Geissner|Ross.Slate2|Schwarz|Norenzayan|Gray,ID: Cognitive reflection|ID: Mood|ID: Subjective wellbeing|ID: TIPI for Big-Five|ID: Global self-esteem SISE,1417,2,Global,all,TRUE
ML2_Slate2_IndiaEng_Inlab_DEPLOY__isb_r.csv,isb,,,,,,,,,,,,,,,,,1,7,1,4,1,6,1,4,2,7,2,7,1,7,1,7,1,isb,isb,isb,India,"Indian School of Business, India",English,0,,Yes,In a lab,Computers,"No, the whole study was on the computer (except maybe consent/debriefing)",Gray|Zhong|Ross.Slate2|Savani|Zaval|Knobe|Schwarz|Shafir|Risen|Hauser|Geissner|Norenzayan|Tversky.Gati|Hsee|Tversky,ID: Subjective wellbeing|ID: Global self-esteem SISE|ID: TIPI for Big-Five|ID: Cognitive reflection|ID: Mood,1418,4,Global,all,TRUE
ML2_Slate2_IndiaEng_Inlab_DEPLOY__isb_r.csv,isb,1,1,1,1,1,7,,7,1,7,1,7,,,,,,,,,,,,,,,,,,,,,1,isb,isb,isb,India,"Indian School of Business, India",English,0,,Yes,In a lab,Computers,"No, the whole study was on the computer (except maybe consent/debriefing)",Shafir|Hsee|Knobe|Risen|Schwarz|Tversky|Ross.Slate2|Tversky.Gati|Zhong|Norenzayan|Zaval|Geissner|Savani|Gray|Hauser,ID: Subjective wellbeing|ID: Global self-esteem SISE|ID: Mood|ID: Cognitive reflection|ID: TIPI for Big-Five,1419,13,Global,all,FALSE
ML2_Slate2_IndiaEng_Inlab_DEPLOY__isb_r.csv,isb,2,4,1,1,1,4,1,2,1,1,2,5,1,3,2,5,,,,,,,,,,,,,,,,,2,isb,isb,isb,India,"Indian School of Business, India",English,0,,Yes,In a lab,Computers,"No, the whole study was on the computer (except maybe consent/debriefing)",Hsee|Norenzayan|Savani|Schwarz|Zhong|Zaval|Gray|Geissner|Hauser|Shafir|Tversky|Knobe|Ross.Slate2|Tversky.Gati|Risen,ID: TIPI for Big-Five|ID: Global self-esteem SISE|ID: Mood|ID: Subjective wellbeing|ID: Cognitive reflection,1420,3,Global,all,TRUE
ML2_Slate2_IndiaEng_Inlab_DEPLOY__isb_r.csv,isb,,,,,,,,,,,,,,,,,1,2,1,5,,,2,5,2,6,1,3,2,5,1,3,2,isb,isb,isb,India,"Indian School of Business, India",English,0,,Yes,In a lab,Computers,"No, the whole study was on the computer (except maybe consent/debriefing)",Tversky|Schwarz|Shafir|Gray|Zaval|Zhong|Tversky.Gati|Savani|Norenzayan|Hauser|Risen|Ross.Slate2|Hsee|Knobe|Geissner,ID: Mood|ID: TIPI for Big-Five|ID: Global self-esteem SISE|ID: Subjective wellbeing|ID: Cognitive reflection,1421,8,Global,all,FALSE
ML2_Slate2_IndiaEng_Inlab_DEPLOY__isb_r.csv,isb,1,6,1,4,1,5,1,3,1,7,1,7,2,6,2,7,,,,,,,,,,,,,,,,,2,isb,isb,isb,India,"Indian School of Business, India",English,0,,Yes,In a lab,Computers,"No, the whole study was on the computer (except maybe consent/debriefing)",Norenzayan|Zaval|Hauser|Risen|Hsee|Shafir|Zhong|Gray|Ross.Slate2|Tversky.Gati|Geissner|Schwarz|Savani|Knobe|Tversky,ID: TIPI for Big-Five|ID: Mood|ID: Global self-esteem SISE|ID: Subjective wellbeing|ID: Cognitive reflection,1422,13,Global,all,TRUE
ML2_Slate2_IndiaEng_Inlab_DEPLOY__isb_r.csv,isb,,,,,,,,,,,,,,,,,1,6,1,4,1,6,1,6,2,6,2,7,1,5,1,4,1,isb,isb,isb,India,"Indian School of Business, India",English,0,,Yes,In a lab,Computers,"No, the whole study was on the computer (except maybe consent/debriefing)",Zhong|Hauser|Geissner|Risen|Zaval|Shafir|Gray|Ross.Slate2|Knobe|Schwarz|Tversky|Hsee|Norenzayan|Savani|Tversky.Gati,ID: Subjective wellbeing|ID: Global self-esteem SISE|ID: Cognitive reflection|ID: TIPI for Big-Five|ID: Mood,1423,14,Global,all,TRUE
ML2_Slate2_IndiaEng_Inlab_DEPLOY__isb_r.csv,isb,,,,,,,,,,,,,,,,,1,5,1,4,1,2,2,4,3,3,1,2,2,4,2,4,1,isb,isb,isb,India,"Indian School of Business, India",English,0,,Yes,In a lab,Computers,"No, the whole study was on the computer (except maybe consent/debriefing)",Risen|Gray|Savani|Ross.Slate2|Zaval|Norenzayan|Zhong|Hauser|Hsee|Tversky|Geissner|Knobe|Tversky.Gati|Shafir|Schwarz,ID: Mood|ID: Subjective wellbeing|ID: Global self-esteem SISE|ID: Cognitive reflection|ID: TIPI for Big-Five,1424,3,Global,all,TRUE
ML2_Slate2_IndiaEng_Inlab_DEPLOY__isb_r.csv,isb,,,,,,,,,,,,,,,,,1,4,1,5,1,6,1,4,1,5,1,7,1,7,,,1,isb,isb,isb,India,"Indian School of Business, India",English,0,,Yes,In a lab,Computers,"No, the whole study was on the computer (except maybe consent/debriefing)",Shafir|Hauser|Hsee|Tversky.Gati|Schwarz|Ross.Slate2|Knobe|Risen|Savani|Gray|Zhong|Tversky|Geissner|Zaval|Norenzayan,ID: Global self-esteem SISE|ID: Subjective wellbeing|ID: Cognitive reflection|ID: Mood|ID: TIPI for Big-Five,1425,9,Global,all,FALSE
ML2_Slate2_IndiaEng_Inlab_DEPLOY__isb_r.csv,isb,,,,,,,,,,,,,,,,,1,6,2,4,,1,1,2,2,6,1,5,1,7,1,4,1,isb,isb,isb,India,"Indian School of Business, India",English,0,,Yes,In a lab,Computers,"No, the whole study was on the computer (except maybe consent/debriefing)",Norenzayan|Zaval|Tversky|Geissner|Zhong|Savani|Tversky.Gati|Knobe|Risen|Shafir|Ross.Slate2|Hsee|Hauser|Schwarz|Gray,ID: Mood|ID: Global self-esteem SISE|ID: Cognitive reflection|ID: Subjective wellbeing|ID: TIPI for Big-Five,1426,6,Global,all,FALSE
ML2_Slate2_IndiaEng_Inlab_DEPLOY__isb_r.csv,isb,,,,,,,,,,,,,,,,,1,7,1,7,2,6,2,5,1,5,2,7,1,7,1,7,2,isb,isb,isb,India,"Indian School of Business, India",English,0,,Yes,In a lab,Computers,"No, the whole study was on the computer (except maybe consent/debriefing)",Hauser|Tversky.Gati|Zaval|Hsee|Ross.Slate2|Schwarz|Norenzayan|Geissner|Savani|Zhong|Tversky|Risen|Shafir|Knobe|Gray,ID: Global self-esteem SISE|ID: TIPI for Big-Five|ID: Cognitive reflection|ID: Mood|ID: Subjective wellbeing,1427,9,Global,all,TRUE
ML2_Slate2_IndiaEng_Inlab_DEPLOY__isb_r.csv,isb,,,,,,,,,,,,,,,,,2,4,1,5,3,6,1,3,1,7,2,6,1,7,1,4,2,isb,isb,isb,India,"Indian School of Business, India",English,0,,Yes,In a lab,Computers,"No, the whole study was on the computer (except maybe consent/debriefing)",Risen|Zaval|Zhong|Schwarz|Shafir|Tversky.Gati|Gray|Tversky|Geissner|Hsee|Hauser|Ross.Slate2|Norenzayan|Savani|Knobe,ID: TIPI for Big-Five|ID: Cognitive reflection|ID: Subjective wellbeing|ID: Mood|ID: Global self-esteem SISE,1428,14,Global,all,TRUE
ML2_Slate2_IndiaEng_Inlab_DEPLOY__isb_r.csv,isb,2,5,2,5,2,6,2,5,2,6,2,4,1,6,2,6,,,,,,,,,,,,,,,,,1,isb,isb,isb,India,"Indian School of Business, India",English,0,,Yes,In a lab,Computers,"No, the whole study was on the computer (except maybe consent/debriefing)",Tversky|Gray|Geissner|Norenzayan|Zhong|Knobe|Hauser|Zaval|Schwarz|Shafir|Ross.Slate2|Savani|Tversky.Gati|Hsee|Risen,ID: Subjective wellbeing|ID: Mood|ID: Cognitive reflection|ID: Global self-esteem SISE|ID: TIPI for Big-Five,1429,12,Global,all,TRUE
ML2_Slate2_IndiaEng_Inlab_DEPLOY__isb_r.csv,isb,,,,,,,,,,,,,,,,,1,7,1,7,2,7,2,7,2,7,2,,1,7,1,,3,isb,isb,isb,India,"Indian School of Business, India",English,0,,Yes,In a lab,Computers,"No, the whole study was on the computer (except maybe consent/debriefing)",Savani|Tversky|Ross.Slate2|Geissner|Zaval|Hauser|Knobe|Hsee|Gray|Schwarz|Risen|Tversky.Gati|Norenzayan|Zhong|Shafir,ID: Subjective wellbeing|ID: Mood|ID: TIPI for Big-Five|ID: Global self-esteem SISE|ID: Cognitive reflection,1430,1,Global,all,FALSE
ML2_Slate2_IndiaEng_Inlab_DEPLOY__isb_r.csv,isb,,,,,,,,,,,,,,,,,2,3,1,2,1,6,1,3,2,7,2,5,1,3,1,3,1,isb,isb,isb,India,"Indian School of Business, India",English,0,,Yes,In a lab,Computers,"No, the whole study was on the computer (except maybe consent/debriefing)",Shafir|Knobe|Norenzayan|Hauser|Geissner|Savani|Ross.Slate2|Gray|Risen|Tversky.Gati|Zaval|Tversky|Zhong|Schwarz|Hsee,ID: TIPI for Big-Five|ID: Subjective wellbeing|ID: Cognitive reflection|ID: Mood|ID: Global self-esteem SISE,1431,6,Global,all,TRUE
ML2_Slate2_IndiaEng_Inlab_DEPLOY__isb_r.csv,isb,1,5,2,1,3,6,1,4,1,3,1,6,2,7,1,4,,,,,,,,,,,,,,,,,1,isb,isb,isb,India,"Indian School of Business, India",English,0,,Yes,In a lab,Computers,"No, the whole study was on the computer (except maybe consent/debriefing)",Norenzayan|Hauser|Tversky.Gati|Hsee|Zhong|Geissner|Shafir|Risen|Ross.Slate2|Knobe|Gray|Savani|Schwarz|Zaval|Tversky,ID: Mood|ID: Global self-esteem SISE|ID: Cognitive reflection|ID: Subjective wellbeing|ID: TIPI for Big-Five,1432,12,Global,all,TRUE
ML2_Slate2_IndiaEng_Inlab_DEPLOY__isb_r.csv,isb,,,,,,,,,,,,,,,,,1,6,1,5,1,6,1,6,2,3,1,4,1,6,1,5,2,isb,isb,isb,India,"Indian School of Business, India",English,0,,Yes,In a lab,Computers,"No, the whole study was on the computer (except maybe consent/debriefing)",Risen|Zhong|Hauser|Geissner|Hsee|Tversky.Gati|Zaval|Shafir|Tversky|Norenzayan|Ross.Slate2|Knobe|Schwarz|Gray|Savani,ID: Mood|ID: Subjective wellbeing|ID: Cognitive reflection|ID: TIPI for Big-Five|ID: Global self-esteem SISE,1433,15,Global,all,TRUE
ML2_Slate2_IndiaEng_Inlab_DEPLOY__isb_r.csv,isb,,,,,,,,,,,,,,,,,1,3,1,7,3,1,3,1,2,7,,1,1,7,,4,1,isb,isb,isb,India,"Indian School of Business, India",English,0,,Yes,In a lab,Computers,"No, the whole study was on the computer (except maybe consent/debriefing)",Gray|Hauser|Ross.Slate2|Zhong|Norenzayan|Risen|Tversky|Zaval|Hsee|Savani|Schwarz|Geissner|Knobe|Shafir|Tversky.Gati,ID: Cognitive reflection|ID: Mood|ID: Global self-esteem SISE|ID: TIPI for Big-Five|ID: Subjective wellbeing,1434,10,Global,all,FALSE
ML2_Slate2_IndiaEng_Inlab_DEPLOY__isb_r.csv,isb,1,1,1,1,1,5,1,1,1,5,1,5,2,6,3,6,,,,,,,,,,,,,,,,,1,isb,isb,isb,India,"Indian School of Business, India",English,0,,Yes,In a lab,Computers,"No, the whole study was on the computer (except maybe consent/debriefing)",Savani|Ross.Slate2|Shafir|Zhong|Risen|Norenzayan|Gray|Geissner|Hsee|Tversky.Gati|Knobe|Tversky|Schwarz|Hauser|Zaval,ID: Global self-esteem SISE|ID: Mood|ID: Cognitive reflection|ID: TIPI for Big-Five|ID: Subjective wellbeing,1435,1,Global,all,TRUE
ML2_Slate2_IndiaEng_Inlab_DEPLOY__isb_r.csv,isb,,,,,,,,,,,,,,,,,1,7,1,4,3,7,3,7,2,7,1,5,1,7,1,7,2,isb,isb,isb,India,"Indian School of Business, India",English,0,,Yes,In a lab,Computers,"No, the whole study was on the computer (except maybe consent/debriefing)",Gray|Geissner|Tversky|Zhong|Hauser|Shafir|Savani|Knobe|Schwarz|Hsee|Tversky.Gati|Ross.Slate2|Norenzayan|Zaval|Risen,ID: Subjective wellbeing|ID: Mood|ID: Cognitive reflection|ID: TIPI for Big-Five|ID: Global self-esteem SISE,1436,7,Global,all,TRUE
ML2_Slate2_IndiaEng_Inlab_DEPLOY__isb_r.csv,isb,2,5,1,3,1,3,2,4,2,6,2,6,2,6,2,5,,,,,,,,,,,,,,,,,1,isb,isb,isb,India,"Indian School of Business, India",English,0,,Yes,In a lab,Computers,"No, the whole study was on the computer (except maybe consent/debriefing)",Schwarz|Tversky.Gati|Risen|Gray|Norenzayan|Shafir|Savani|Hsee|Geissner|Knobe|Hauser|Ross.Slate2|Tversky|Zhong|Zaval,ID: Subjective wellbeing|ID: TIPI for Big-Five|ID: Cognitive reflection|ID: Global self-esteem SISE|ID: Mood,1437,7,Global,all,TRUE
ML2_Slate2_IndiaEng_Inlab_DEPLOY__isb_r.csv,isb,,,,,,,,,,,,,,,,,1,5,1,1,3,1,3,1,1,5,1,6,1,3,3,3,2,isb,isb,isb,India,"Indian School of Business, India",English,0,,Yes,In a lab,Computers,"No, the whole study was on the computer (except maybe consent/debriefing)",Schwarz|Hsee|Savani|Knobe|Shafir|Hauser|Zhong|Tversky|Geissner|Gray|Tversky.Gati|Norenzayan|Ross.Slate2|Risen|Zaval,ID: Cognitive reflection|ID: Subjective wellbeing|ID: TIPI for Big-Five|ID: Mood|ID: Global self-esteem SISE,1438,3,Global,all,TRUE
ML2_Slate2_IndiaEng_Inlab_DEPLOY__isb_r.csv,isb,1,3,1,5,1,7,2,5,1,7,2,6,2,6,2,6,,,,,,,,,,,,,,,,,2,isb,isb,isb,India,"Indian School of Business, India",English,0,,Yes,In a lab,Computers,"No, the whole study was on the computer (except maybe consent/debriefing)",Norenzayan|Zaval|Hsee|Zhong|Schwarz|Geissner|Knobe|Savani|Risen|Shafir|Ross.Slate2|Tversky|Tversky.Gati|Gray|Hauser,ID: Cognitive reflection|ID: Subjective wellbeing|ID: Global self-esteem SISE|ID: TIPI for Big-Five|ID: Mood,1439,8,Global,all,TRUE
ML2_Slate2_IndiaEng_Inlab_DEPLOY__isb_r.csv,isb,,,,,,,,,,,,,,,,,2,2,1,1,2,3,2,2,2,5,3,2,2,6,2,5,1,isb,isb,isb,India,"Indian School of Business, India",English,0,,Yes,In a lab,Computers,"No, the whole study was on the computer (except maybe consent/debriefing)",Gray|Hauser|Zaval|Hsee|Ross.Slate2|Risen|Norenzayan|Schwarz|Tversky.Gati|Tversky|Knobe|Savani|Geissner|Zhong|Shafir,ID: Global self-esteem SISE|ID: Cognitive reflection|ID: Subjective wellbeing|ID: TIPI for Big-Five|ID: Mood,1440,12,Global,all,TRUE
ML2_Slate2_IndiaEng_Inlab_DEPLOY__isb_r.csv,isb,1,5,1,5,1,5,1,5,2,5,2,5,2,5,1,5,,,,,,,,,,,,,,,,,4,isb,isb,isb,India,"Indian School of Business, India",English,0,,Yes,In a lab,Computers,"No, the whole study was on the computer (except maybe consent/debriefing)",Hauser|Zaval|Gray|Norenzayan|Risen|Knobe|Geissner|Hsee|Zhong|Tversky.Gati|Ross.Slate2|Shafir|Tversky|Schwarz|Savani,ID: Cognitive reflection|ID: Mood|ID: Global self-esteem SISE|ID: TIPI for Big-Five|ID: Subjective wellbeing,1441,15,Global,all,TRUE
ML2_Slate2_IndiaEng_Inlab_DEPLOY__isb_r.csv,isb,,,,,,,,,,,,,,,,,1,2,2,5,1,2,1,3,2,5,1,3,1,7,,,2,isb,isb,isb,India,"Indian School of Business, India",English,0,,Yes,In a lab,Computers,"No, the whole study was on the computer (except maybe consent/debriefing)",Tversky|Knobe|Zhong|Savani|Ross.Slate2|Tversky.Gati|Gray|Zaval|Hauser|Norenzayan|Risen|Hsee|Shafir|Schwarz|Geissner,ID: Global self-esteem SISE|ID: Subjective wellbeing|ID: Mood|ID: TIPI for Big-Five|ID: Cognitive reflection,1442,4,Global,all,FALSE
ML2_Slate2_IndiaEng_Inlab_DEPLOY__isb_r.csv,isb,1,5,1,4,1,5,1,4,1,5,1,,1,6,,,,,,,,,,,,,,,,,,,2,isb,isb,isb,India,"Indian School of Business, India",English,0,,Yes,In a lab,Computers,"No, the whole study was on the computer (except maybe consent/debriefing)",Schwarz|Gray|Knobe|Hsee|Shafir|Geissner|Zhong|Norenzayan|Tversky|Zaval|Ross.Slate2|Tversky.Gati|Hauser|Risen|Savani,ID: Subjective wellbeing|ID: TIPI for Big-Five|ID: Cognitive reflection|ID: Mood|ID: Global self-esteem SISE,1443,15,Global,all,FALSE
ML2_Slate2_IndiaEng_Inlab_DEPLOY__isb_r.csv,isb,,,,,,,,,,,,,,,,,1,1,1,2,1,2,1,2,1,1,1,1,1,1,1,1,1,isb,isb,isb,India,"Indian School of Business, India",English,0,,Yes,In a lab,Computers,"No, the whole study was on the computer (except maybe consent/debriefing)",Zaval|Norenzayan|Hauser|Zhong|Savani|Ross.Slate2|Knobe|Tversky.Gati|Hsee|Gray|Tversky|Risen|Shafir|Geissner|Schwarz,ID: Subjective wellbeing|ID: TIPI for Big-Five|ID: Mood|ID: Global self-esteem SISE|ID: Cognitive reflection,1444,5,Global,all,TRUE
ML2_Slate2_IndiaEng_Inlab_DEPLOY__isb_r.csv,isb,1,4,1,4,1,6,,,3,,2,7,2,6,,,,,,,,,,,,,,,,,,,2,isb,isb,isb,India,"Indian School of Business, India",English,0,,Yes,In a lab,Computers,"No, the whole study was on the computer (except maybe consent/debriefing)",Norenzayan|Zaval|Risen|Hauser|Shafir|Schwarz|Geissner|Knobe|Tversky.Gati|Zhong|Gray|Tversky|Hsee|Ross.Slate2|Savani,ID: Mood|ID: Subjective wellbeing|ID: Cognitive reflection|ID: TIPI for Big-Five|ID: Global self-esteem SISE,1445,15,Global,all,FALSE
ML2_Slate2_IndiaEng_Inlab_DEPLOY__isb_r.csv,isb,1,5,1,1,1,6,3,5,2,7,2,7,2,7,1,6,,,,,,,,,,,,,,,,,1,isb,isb,isb,India,"Indian School of Business, India",English,0,,Yes,In a lab,Computers,"No, the whole study was on the computer (except maybe consent/debriefing)",Norenzayan|Hsee|Risen|Ross.Slate2|Savani|Gray|Tversky.Gati|Zhong|Knobe|Hauser|Schwarz|Shafir|Zaval|Geissner|Tversky,ID: Global self-esteem SISE|ID: Cognitive reflection|ID: Subjective wellbeing|ID: Mood|ID: TIPI for Big-Five,1446,5,Global,all,TRUE
ML2_Slate2_IndiaEng_Inlab_DEPLOY__isb_r.csv,isb,1,6,1,5,1,4,1,4,1,3,1,4,1,6,1,3,,,,,,,,,,,,,,,,,2,isb,isb,isb,India,"Indian School of Business, India",English,0,,Yes,In a lab,Computers,"No, the whole study was on the computer (except maybe consent/debriefing)",Zaval|Norenzayan|Tversky|Savani|Gray|Geissner|Hauser|Ross.Slate2|Hsee|Shafir|Risen|Knobe|Zhong|Schwarz|Tversky.Gati,ID: Global self-esteem SISE|ID: Subjective wellbeing|ID: Cognitive reflection|ID: TIPI for Big-Five|ID: Mood,1447,4,Global,all,TRUE
ML2_Slate2_IndiaEng_Inlab_DEPLOY__isb_r.csv,isb,2,7,2,7,2,6,2,6,2,7,2,7,2,7,2,7,,,,,,,,,,,,,,,,,1,isb,isb,isb,India,"Indian School of Business, India",English,0,,Yes,In a lab,Computers,"No, the whole study was on the computer (except maybe consent/debriefing)",Shafir|Knobe|Savani|Tversky.Gati|Norenzayan|Risen|Hsee|Zhong|Zaval|Ross.Slate2|Gray|Schwarz|Tversky|Hauser|Geissner,ID: Mood|ID: Cognitive reflection|ID: TIPI for Big-Five|ID: Subjective wellbeing|ID: Global self-esteem SISE,1448,3,Global,all,TRUE
ML2_Slate2_IndiaEng_Inlab_DEPLOY__isb_r.csv,isb,1,3,1,4,3,4,1,4,2,5,1,3,1,5,1,5,,,,,,,,,,,,,,,,,1,isb,isb,isb,India,"Indian School of Business, India",English,0,,Yes,In a lab,Computers,"No, the whole study was on the computer (except maybe consent/debriefing)",Tversky.Gati|Geissner|Zaval|Gray|Schwarz|Savani|Tversky|Zhong|Hauser|Hsee|Knobe|Norenzayan|Ross.Slate2|Risen|Shafir,ID: Global self-esteem SISE|ID: Subjective wellbeing|ID: TIPI for Big-Five|ID: Mood|ID: Cognitive reflection,1449,6,Global,all,TRUE
ML2_Slate2_IndiaEng_Inlab_DEPLOY__isb_r.csv,isb,2,3,1,2,1,2,1,2,2,5,1,5,1,6,1,4,,,,,,,,,,,,,,,,,2,isb,isb,isb,India,"Indian School of Business, India",English,0,,Yes,In a lab,Computers,"No, the whole study was on the computer (except maybe consent/debriefing)",Tversky.Gati|Zaval|Risen|Savani|Shafir|Norenzayan|Zhong|Knobe|Schwarz|Ross.Slate2|Gray|Geissner|Tversky|Hsee|Hauser,ID: Global self-esteem SISE|ID: Mood|ID: Subjective wellbeing|ID: Cognitive reflection|ID: TIPI for Big-Five,1450,4,Global,all,TRUE
ML2_Slate2_IndiaEng_Inlab_DEPLOY__isb_r.csv,isb,,,,,,,,,,,,,,,,,1,5,1,4,3,2,2,4,2,4,2,4,2,4,2,5,1,isb,isb,isb,India,"Indian School of Business, India",English,0,,Yes,In a lab,Computers,"No, the whole study was on the computer (except maybe consent/debriefing)",Shafir|Norenzayan|Zhong|Ross.Slate2|Knobe|Tversky|Geissner|Tversky.Gati|Zaval|Hsee|Risen|Gray|Schwarz|Savani|Hauser,ID: Cognitive reflection|ID: Subjective wellbeing|ID: Global self-esteem SISE|ID: Mood|ID: TIPI for Big-Five,1451,14,Global,all,TRUE
ML2_Slate2_IndiaEng_Inlab_DEPLOY__isb_r.csv,isb,,,,,,,,,,,,,,,,,2,7,1,3,2,5,3,2,1,2,1,4,2,2,2,4,2,isb,isb,isb,India,"Indian School of Business, India",English,0,,Yes,In a lab,Computers,"No, the whole study was on the computer (except maybe consent/debriefing)",Tversky.Gati|Geissner|Zaval|Risen|Schwarz|Norenzayan|Savani|Ross.Slate2|Gray|Tversky|Hsee|Zhong|Knobe|Shafir|Hauser,ID: TIPI for Big-Five|ID: Cognitive reflection|ID: Global self-esteem SISE|ID: Subjective wellbeing|ID: Mood,1452,7,Global,all,TRUE
ML2_Slate2_IndiaEng_Inlab_DEPLOY__isb_r.csv,isb,,,,,,,,,,,,,,,,,1,4,1,3,1,2,2,2,2,7,3,7,1,6,1,5,2,isb,isb,isb,India,"Indian School of Business, India",English,0,,Yes,In a lab,Computers,"No, the whole study was on the computer (except maybe consent/debriefing)",Knobe|Norenzayan|Schwarz|Shafir|Zhong|Savani|Hauser|Hsee|Gray|Tversky|Geissner|Tversky.Gati|Zaval|Risen|Ross.Slate2,ID: Subjective wellbeing|ID: Cognitive reflection|ID: Mood|ID: TIPI for Big-Five|ID: Global self-esteem SISE,1453,6,Global,all,TRUE
ML2_Slate2_IndiaEng_Inlab_DEPLOY__isb_r.csv,isb,,,,,,,,,,,,,,,,,1,3,2,1,3,4,3,1,1,2,1,1,1,7,1,5,2,isb,isb,isb,India,"Indian School of Business, India",English,0,,Yes,In a lab,Computers,"No, the whole study was on the computer (except maybe consent/debriefing)",Savani|Hsee|Zaval|Shafir|Tversky.Gati|Schwarz|Knobe|Zhong|Tversky|Ross.Slate2|Gray|Geissner|Risen|Hauser|Norenzayan,ID: Cognitive reflection|ID: TIPI for Big-Five|ID: Mood|ID: Global self-esteem SISE|ID: Subjective wellbeing,1454,1,Global,all,TRUE
ML2_Slate2_IndiaEng_Inlab_DEPLOY__isb_r.csv,isb,2,6,1,5,1,4,,2,1,6,1,6,2,5,3,5,,,,,,,,,,,,,,,,,2,isb,isb,isb,India,"Indian School of Business, India",English,0,,Yes,In a lab,Computers,"No, the whole study was on the computer (except maybe consent/debriefing)",Hsee|Tversky.Gati|Zaval|Schwarz|Savani|Tversky|Norenzayan|Geissner|Hauser|Zhong|Ross.Slate2|Risen|Shafir|Knobe|Gray,ID: TIPI for Big-Five|ID: Cognitive reflection|ID: Global self-esteem SISE|ID: Subjective wellbeing|ID: Mood,1455,5,Global,all,FALSE
ML2_Slate2_IndiaEng_Inlab_DEPLOY__isb_r.csv,isb,2,6,2,6,1,5,2,5,1,6,2,4,2,5,1,6,,,,,,,,,,,,,,,,,2,isb,isb,isb,India,"Indian School of Business, India",English,0,,Yes,In a lab,Computers,"No, the whole study was on the computer (except maybe consent/debriefing)",Schwarz|Risen|Geissner|Zhong|Knobe|Norenzayan|Gray|Shafir|Tversky|Hsee|Tversky.Gati|Zaval|Savani|Hauser|Ross.Slate2,ID: Cognitive reflection|ID: Subjective wellbeing|ID: Mood|ID: Global self-esteem SISE|ID: TIPI for Big-Five,1456,13,Global,all,TRUE
ML2_Slate2_IndiaEng_Inlab_DEPLOY__isb_r.csv,isb,,,,,,,,,,,,,,,,,1,3,1,3,1,3,3,2,3,2,1,5,1,5,1,3,2,isb,isb,isb,India,"Indian School of Business, India",English,0,,Yes,In a lab,Computers,"No, the whole study was on the computer (except maybe consent/debriefing)",Tversky.Gati|Geissner|Norenzayan|Shafir|Savani|Ross.Slate2|Hsee|Zhong|Zaval|Tversky|Hauser|Gray|Schwarz|Risen|Knobe,ID: Subjective wellbeing|ID: TIPI for Big-Five|ID: Mood|ID: Global self-esteem SISE|ID: Cognitive reflection,1457,5,Global,all,TRUE
ML2_Slate2_IndiaEng_Inlab_DEPLOY__isb_r.csv,isb,,,,,,,,,,,,,,,,,2,6,1,3,2,7,3,2,1,7,2,7,2,2,2,7,2,isb,isb,isb,India,"Indian School of Business, India",English,0,,Yes,In a lab,Computers,"No, the whole study was on the computer (except maybe consent/debriefing)",Savani|Zaval|Hauser|Risen|Ross.Slate2|Shafir|Knobe|Schwarz|Hsee|Zhong|Norenzayan|Geissner|Gray|Tversky|Tversky.Gati,ID: TIPI for Big-Five|ID: Global self-esteem SISE|ID: Cognitive reflection|ID: Subjective wellbeing|ID: Mood,1458,1,Global,all,TRUE
ML2_Slate2_IndiaEng_Inlab_DEPLOY__isb_r.csv,isb,1,5,1,4,2,4,1,4,2,5,2,4,2,7,1,1,,,,,,,,,,,,,,,,,2,isb,isb,isb,India,"Indian School of Business, India",English,0,,Yes,In a lab,Computers,"No, the whole study was on the computer (except maybe consent/debriefing)",Tversky|Hauser|Geissner|Hsee|Shafir|Gray|Zaval|Zhong|Schwarz|Knobe|Tversky.Gati|Norenzayan|Savani|Risen|Ross.Slate2,ID: TIPI for Big-Five|ID: Mood|ID: Global self-esteem SISE|ID: Cognitive reflection|ID: Subjective wellbeing,1459,13,Global,all,TRUE
ML2_Slate2_IndiaEng_Inlab_DEPLOY__isb_r.csv,isb,,,,,,,,,,,,,,,,,1,5,1,4,1,3,3,2,2,7,1,2,1,5,1,4,2,isb,isb,isb,India,"Indian School of Business, India",English,0,,Yes,In a lab,Computers,"No, the whole study was on the computer (except maybe consent/debriefing)",Risen|Gray|Norenzayan|Schwarz|Zhong|Geissner|Tversky.Gati|Zaval|Hauser|Knobe|Shafir|Savani|Hsee|Tversky|Ross.Slate2,ID: TIPI for Big-Five|ID: Cognitive reflection|ID: Mood|ID: Global self-esteem SISE|ID: Subjective wellbeing,1460,12,Global,all,TRUE
ML2_Slate2_IndiaEng_Inlab_DEPLOY__isb_r.csv,isb,,,,,,,,,,,,,,,,,1,6,1,5,1,5,1,6,2,6,1,6,3,7,1,7,2,isb,isb,isb,India,"Indian School of Business, India",English,0,,Yes,In a lab,Computers,"No, the whole study was on the computer (except maybe consent/debriefing)",Tversky.Gati|Geissner|Schwarz|Shafir|Ross.Slate2|Risen|Hsee|Gray|Tversky|Zhong|Savani|Knobe|Zaval|Hauser|Norenzayan,ID: TIPI for Big-Five|ID: Mood|ID: Subjective wellbeing|ID: Cognitive reflection|ID: Global self-esteem SISE,1461,11,Global,all,TRUE
ML2_Slate2_IndiaEng_Inlab_DEPLOY__isb_r.csv,isb,,,,,,,,,,,,,,,,,2,6,1,6,2,6,2,5,2,4,1,4,1,7,1,7,2,isb,isb,isb,India,"Indian School of Business, India",English,0,,Yes,In a lab,Computers,"No, the whole study was on the computer (except maybe consent/debriefing)",Schwarz|Savani|Tversky.Gati|Knobe|Zaval|Shafir|Tversky|Hauser|Zhong|Geissner|Norenzayan|Ross.Slate2|Risen|Hsee|Gray,ID: Mood|ID: TIPI for Big-Five|ID: Subjective wellbeing|ID: Global self-esteem SISE|ID: Cognitive reflection,1462,2,Global,all,TRUE
ML2_Slate2_IndiaEng_Inlab_DEPLOY__isb_r.csv,isb,1,6,1,3,1,6,1,4,1,5,1,6,1,7,1,7,,,,,,,,,,,,,,,,,2,isb,isb,isb,India,"Indian School of Business, India",English,0,,Yes,In a lab,Computers,"No, the whole study was on the computer (except maybe consent/debriefing)",Zhong|Tversky|Hauser|Shafir|Gray|Knobe|Ross.Slate2|Geissner|Tversky.Gati|Hsee|Savani|Zaval|Schwarz|Risen|Norenzayan,ID: TIPI for Big-Five|ID: Global self-esteem SISE|ID: Subjective wellbeing|ID: Mood|ID: Cognitive reflection,1463,11,Global,all,TRUE
ML2_Slate2_IndiaEng_Inlab_DEPLOY__isb_r.csv,isb,,,,,,,,,,,,,,,,,1,6,1,5,3,5,2,6,1,4,3,3,2,6,1,2,2,isb,isb,isb,India,"Indian School of Business, India",English,0,,Yes,In a lab,Computers,"No, the whole study was on the computer (except maybe consent/debriefing)",Hsee|Ross.Slate2|Shafir|Schwarz|Zaval|Risen|Geissner|Hauser|Knobe|Tversky.Gati|Tversky|Savani|Gray|Norenzayan|Zhong,ID: Global self-esteem SISE|ID: Cognitive reflection|ID: Mood|ID: Subjective wellbeing|ID: TIPI for Big-Five,1464,12,Global,all,TRUE
ML2_Slate2_IndiaEng_Inlab_DEPLOY__isb_r.csv,isb,,,,,,,,,,,,,,,,,1,6,2,4,3,4,,,2,7,2,5,3,5,,,2,isb,isb,isb,India,"Indian School of Business, India",English,0,,Yes,In a lab,Computers,"No, the whole study was on the computer (except maybe consent/debriefing)",Tversky.Gati|Knobe|Zaval|Norenzayan|Zhong|Schwarz|Geissner|Ross.Slate2|Gray|Hauser|Savani|Risen|Shafir|Hsee|Tversky,ID: Subjective wellbeing|ID: Cognitive reflection|ID: Mood|ID: TIPI for Big-Five|ID: Global self-esteem SISE,1465,11,Global,all,FALSE
ML2_Slate2_IndiaEng_Inlab_DEPLOY__isb_r.csv,isb,,,,,,,,,,,,,,,,,2,7,2,7,2,6,2,6,,6,2,7,1,7,,,2,isb,isb,isb,India,"Indian School of Business, India",English,0,,Yes,In a lab,Computers,"No, the whole study was on the computer (except maybe consent/debriefing)",Hauser|Zhong|Norenzayan|Schwarz|Shafir|Ross.Slate2|Hsee|Tversky|Zaval|Geissner|Savani|Tversky.Gati|Risen|Gray|Knobe,ID: Cognitive reflection|ID: Global self-esteem SISE|ID: Subjective wellbeing|ID: TIPI for Big-Five|ID: Mood,1466,11,Global,all,FALSE
ML2_Slate2_IndiaEng_Inlab_DEPLOY__isb_r.csv,isb,1,4,2,5,2,6,1,6,2,5,1,4,2,5,3,6,,,,,,,,,,,,,,,,,2,isb,isb,isb,India,"Indian School of Business, India",English,0,,Yes,In a lab,Computers,"No, the whole study was on the computer (except maybe consent/debriefing)",Geissner|Hsee|Zhong|Gray|Zaval|Tversky.Gati|Tversky|Risen|Knobe|Hauser|Schwarz|Savani|Shafir|Norenzayan|Ross.Slate2,ID: Cognitive reflection|ID: Mood|ID: Subjective wellbeing|ID: TIPI for Big-Five|ID: Global self-esteem SISE,1467,12,Global,all,TRUE
ML2_Slate2_IndiaEng_Inlab_DEPLOY__isb_r.csv,isb,,,,,,,,,,,,,,,,,,,,,,,2,6,1,5,1,6,,,,,2,isb,isb,isb,India,"Indian School of Business, India",English,0,,Yes,In a lab,Computers,"No, the whole study was on the computer (except maybe consent/debriefing)",Zaval|Zhong|Schwarz|Ross.Slate2|Hauser|Tversky.Gati|Savani|Norenzayan|Knobe|Hsee|Risen|Tversky|Shafir|Geissner|Gray,ID: Cognitive reflection|ID: Subjective wellbeing|ID: TIPI for Big-Five|ID: Mood|ID: Global self-esteem SISE,1468,7,Global,all,FALSE
ML2_Slate2_IndiaEng_Inlab_DEPLOY__isb_r.csv,isb,,,,,,,,,,,,,,,,,1,5,1,6,1,5,1,5,1,5,1,6,1,7,1,7,2,isb,isb,isb,India,"Indian School of Business, India",English,0,,Yes,In a lab,Computers,"No, the whole study was on the computer (except maybe consent/debriefing)",Shafir|Hsee|Zaval|Geissner|Risen|Gray|Ross.Slate2|Savani|Tversky|Tversky.Gati|Hauser|Knobe|Schwarz|Norenzayan|Zhong,ID: TIPI for Big-Five|ID: Cognitive reflection|ID: Mood|ID: Global self-esteem SISE|ID: Subjective wellbeing,1469,8,Global,all,TRUE
ML2_Slate2_IndiaEng_Inlab_DEPLOY__isb_r.csv,isb,,,,,,,,,,,,,,,,,1,5,1,5,1,6,1,4,2,5,1,5,1,6,1,6,2,isb,isb,isb,India,"Indian School of Business, India",English,0,,Yes,In a lab,Computers,"No, the whole study was on the computer (except maybe consent/debriefing)",Risen|Hauser|Savani|Zhong|Ross.Slate2|Gray|Tversky|Hsee|Norenzayan|Zaval|Shafir|Tversky.Gati|Geissner|Schwarz|Knobe,ID: Subjective wellbeing|ID: Cognitive reflection|ID: Global self-esteem SISE|ID: TIPI for Big-Five|ID: Mood,1470,3,Global,all,TRUE
ML2_Slate2_IndiaEng_Inlab_DEPLOY__isb_r.csv,isb,,,,,,,,,,,,,,,,,2,4,,,,,,,,,3,6,1,6,1,3,2,isb,isb,isb,India,"Indian School of Business, India",English,0,,Yes,In a lab,Computers,"No, the whole study was on the computer (except maybe consent/debriefing)",Hauser|Schwarz|Geissner|Tversky|Zaval|Gray|Knobe|Tversky.Gati|Zhong|Hsee|Savani|Shafir|Ross.Slate2|Risen|Norenzayan,ID: Global self-esteem SISE|ID: Mood|ID: TIPI for Big-Five|ID: Subjective wellbeing|ID: Cognitive reflection,1471,11,Global,all,FALSE
ML2_Slate2_IndiaEng_Inlab_DEPLOY__isb_r.csv,isb,1,5,1,4,1,3,1,6,1,5,2,6,2,7,1,4,,,,,,,,,,,,,,,,,2,isb,isb,isb,India,"Indian School of Business, India",English,0,,Yes,In a lab,Computers,"No, the whole study was on the computer (except maybe consent/debriefing)",Tversky.Gati|Risen|Gray|Schwarz|Savani|Zaval|Ross.Slate2|Geissner|Hsee|Shafir|Zhong|Hauser|Norenzayan|Knobe|Tversky,ID: Cognitive reflection|ID: TIPI for Big-Five|ID: Subjective wellbeing|ID: Mood|ID: Global self-esteem SISE,1472,5,Global,all,TRUE
ML2_Slate2_IndiaEng_Inlab_DEPLOY__isb_r.csv,isb,1,7,1,6,2,5,2,5,2,7,2,5,2,6,3,4,,,,,,,,,,,,,,,,,2,isb,isb,isb,India,"Indian School of Business, India",English,0,,Yes,In a lab,Computers,"No, the whole study was on the computer (except maybe consent/debriefing)",Savani|Zaval|Schwarz|Shafir|Geissner|Knobe|Ross.Slate2|Gray|Tversky.Gati|Norenzayan|Hauser|Hsee|Tversky|Zhong|Risen,ID: Global self-esteem SISE|ID: TIPI for Big-Five|ID: Cognitive reflection|ID: Mood|ID: Subjective wellbeing,1473,1,Global,all,TRUE
ML2_Slate2_IndiaEng_Inlab_DEPLOY__isb_r.csv,isb,,,,,,,,,,,,,,,,,1,1,2,2,1,1,1,1,2,7,2,7,2,7,1,6,2,isb,isb,isb,India,"Indian School of Business, India",English,0,,Yes,In a lab,Computers,"No, the whole study was on the computer (except maybe consent/debriefing)",Zhong|Schwarz|Ross.Slate2|Risen|Geissner|Zaval|Shafir|Hauser|Norenzayan|Gray|Savani|Tversky.Gati|Tversky|Hsee|Knobe,ID: TIPI for Big-Five|ID: Mood|ID: Subjective wellbeing|ID: Global self-esteem SISE|ID: Cognitive reflection,1474,11,Global,all,TRUE
ML2_Slate2_IndiaEng_Inlab_DEPLOY__isb_r.csv,isb,,,,,,,,,,,,,,,,,1,3,1,2,1,1,1,1,2,6,1,4,1,5,1,3,2,isb,isb,isb,India,"Indian School of Business, India",English,0,,Yes,In a lab,Computers,"No, the whole study was on the computer (except maybe consent/debriefing)",Schwarz|Tversky|Shafir|Hauser|Knobe|Zhong|Zaval|Geissner|Risen|Hsee|Ross.Slate2|Savani|Gray|Norenzayan|Tversky.Gati,ID: TIPI for Big-Five|ID: Cognitive reflection|ID: Subjective wellbeing|ID: Global self-esteem SISE|ID: Mood,1475,12,Global,all,TRUE
ML2_Slate2_IndiaEng_Inlab_DEPLOY__isb_r.csv,isb,1,5,1,5,1,4,1,3,3,7,1,4,3,6,2,4,,,,,,,,,,,,,,,,,2,isb,isb,isb,India,"Indian School of Business, India",English,0,,Yes,In a lab,Computers,"No, the whole study was on the computer (except maybe consent/debriefing)",Savani|Knobe|Hauser|Zaval|Geissner|Ross.Slate2|Risen|Shafir|Norenzayan|Tversky|Hsee|Zhong|Gray|Tversky.Gati|Schwarz,ID: Cognitive reflection|ID: Mood|ID: Global self-esteem SISE|ID: TIPI for Big-Five|ID: Subjective wellbeing,1476,1,Global,all,TRUE
ML2_Slate2_IndiaEng_Inlab_DEPLOY__isb_r.csv,isb,1,6,1,6,1,6,1,5,1,6,1,7,1,6,1,6,,,,,,,,,,,,,,,,,2,isb,isb,isb,India,"Indian School of Business, India",English,0,,Yes,In a lab,Computers,"No, the whole study was on the computer (except maybe consent/debriefing)",Risen|Savani|Norenzayan|Hsee|Tversky.Gati|Zaval|Tversky|Geissner|Schwarz|Ross.Slate2|Shafir|Gray|Zhong|Hauser|Knobe,ID: Subjective wellbeing|ID: Global self-esteem SISE|ID: Mood|ID: Cognitive reflection|ID: TIPI for Big-Five,1477,2,Global,all,TRUE
ML2_Slate2_IndiaEng_Inlab_DEPLOY__isb_r.csv,isb,,,,,,,,,,,,,,,,,1,3,1,5,3,5,3,5,1,5,2,5,1,5,1,5,2,isb,isb,isb,India,"Indian School of Business, India",English,0,,Yes,In a lab,Computers,"No, the whole study was on the computer (except maybe consent/debriefing)",Savani|Zaval|Schwarz|Shafir|Knobe|Tversky|Ross.Slate2|Tversky.Gati|Geissner|Hauser|Gray|Zhong|Risen|Hsee|Norenzayan,ID: Global self-esteem SISE|ID: Subjective wellbeing|ID: TIPI for Big-Five|ID: Cognitive reflection|ID: Mood,1478,1,Global,all,TRUE
ML2_Slate2_IndiaEng_Inlab_DEPLOY__isb_r.csv,isb,1,3,1,4,3,6,1,4,1,4,2,3,1,4,1,3,,,,,,,,,,,,,,,,,2,isb,isb,isb,India,"Indian School of Business, India",English,0,,Yes,In a lab,Computers,"No, the whole study was on the computer (except maybe consent/debriefing)",Gray|Knobe|Hsee|Zhong|Savani|Tversky|Zaval|Hauser|Tversky.Gati|Shafir|Risen|Geissner|Ross.Slate2|Norenzayan|Schwarz,ID: Mood|ID: TIPI for Big-Five|ID: Subjective wellbeing|ID: Global self-esteem SISE|ID: Cognitive reflection,1479,5,Global,all,TRUE
ML2_Slate2_IndiaEng_Inlab_DEPLOY__isb_r.csv,isb,2,5,1,5,2,5,1,7,2,1,2,5,2,5,3,7,,,,,,,,,,,,,,,,,2,isb,isb,isb,India,"Indian School of Business, India",English,0,,Yes,In a lab,Computers,"No, the whole study was on the computer (except maybe consent/debriefing)",Gray|Shafir|Zhong|Ross.Slate2|Knobe|Zaval|Norenzayan|Tversky|Risen|Geissner|Schwarz|Hsee|Hauser|Tversky.Gati|Savani,ID: Cognitive reflection|ID: Subjective wellbeing|ID: Mood|ID: Global self-esteem SISE|ID: TIPI for Big-Five,1480,15,Global,all,TRUE
ML2_Slate2_IndiaEng_Inlab_DEPLOY__isb_r.csv,isb,,,,,,,,,,,,,,,,,1,5,,1,3,4,1,5,3,,1,6,1,7,1,7,2,isb,isb,isb,India,"Indian School of Business, India",English,0,,Yes,In a lab,Computers,"No, the whole study was on the computer (except maybe consent/debriefing)",Zhong|Ross.Slate2|Norenzayan|Knobe|Shafir|Hauser|Geissner|Tversky|Savani|Risen|Gray|Tversky.Gati|Schwarz|Hsee|Zaval,ID: Subjective wellbeing|ID: Global self-esteem SISE|ID: TIPI for Big-Five|ID: Mood|ID: Cognitive reflection,1481,9,Global,all,FALSE
ML2_Slate2_IndiaEng_Inlab_DEPLOY__isb_r.csv,isb,,,,,,,,,,,,,,,,,1,6,1,3,1,6,1,3,1,3,1,7,1,7,1,6,2,isb,isb,isb,India,"Indian School of Business, India",English,0,,Yes,In a lab,Computers,"No, the whole study was on the computer (except maybe consent/debriefing)",Knobe|Savani|Geissner|Ross.Slate2|Norenzayan|Zaval|Hsee|Tversky|Gray|Tversky.Gati|Schwarz|Zhong|Shafir|Hauser|Risen,ID: Subjective wellbeing|ID: Cognitive reflection|ID: TIPI for Big-Five|ID: Global self-esteem SISE|ID: Mood,1482,2,Global,all,TRUE
ML2_Slate2_IndiaEng_Inlab_DEPLOY__isb_r.csv,isb,1,6,1,4,3,6,1,3,1,7,1,4,1,7,2,6,,,,,,,,,,,,,,,,,2,isb,isb,isb,India,"Indian School of Business, India",English,0,,Yes,In a lab,Computers,"No, the whole study was on the computer (except maybe consent/debriefing)",Shafir|Knobe|Tversky.Gati|Hsee|Gray|Geissner|Zhong|Zaval|Schwarz|Norenzayan|Risen|Hauser|Tversky|Savani|Ross.Slate2,ID: Cognitive reflection|ID: Subjective wellbeing|ID: Global self-esteem SISE|ID: TIPI for Big-Five|ID: Mood,1483,14,Global,all,TRUE
ML2_Slate2_IndiaEng_Inlab_DEPLOY__isb_r.csv,isb,1,4,1,5,1,3,1,3,2,3,1,4,,,,,,,,,,,,,,,,,,,,,2,isb,isb,isb,India,"Indian School of Business, India",English,0,,Yes,In a lab,Computers,"No, the whole study was on the computer (except maybe consent/debriefing)",Savani|Norenzayan|Geissner|Shafir|Zhong|Hauser|Gray|Ross.Slate2|Hsee|Zaval|Risen|Knobe|Tversky.Gati|Tversky|Schwarz,ID: Global self-esteem SISE|ID: Mood|ID: Subjective wellbeing|ID: Cognitive reflection|ID: TIPI for Big-Five,1484,1,Global,all,FALSE
